--
-- PostgreSQL database dump
--

\restrict 1pUpg093lexrujXs9b9RX5MupHoqVDmQPoaQmiof3N5WMo5VKI6mbikW6lNzCLG

-- Dumped from database version 18.0
-- Dumped by pg_dump version 18.0

SET statement_timeout = 0;
SET lock_timeout = 0;
SET idle_in_transaction_session_timeout = 0;
SET transaction_timeout = 0;
SET client_encoding = 'UTF8';
SET standard_conforming_strings = on;
SELECT pg_catalog.set_config('search_path', '', false);
SET check_function_bodies = false;
SET xmloption = content;
SET client_min_messages = warning;
SET row_security = off;

SET default_tablespace = '';

SET default_table_access_method = heap;

--
-- Name: addresses; Type: TABLE; Schema: public; Owner: postgres
--

CREATE TABLE public.addresses (
    id bigint NOT NULL,
    city character varying(255),
    country character varying(255),
    email character varying(255),
    latitude double precision,
    longitude double precision,
    name character varying(255),
    phone character varying(255),
    pincode character varying(255),
    state character varying(255),
    street character varying(255)
);


ALTER TABLE public.addresses OWNER TO postgres;

--
-- Name: addresses_id_seq; Type: SEQUENCE; Schema: public; Owner: postgres
--

ALTER TABLE public.addresses ALTER COLUMN id ADD GENERATED BY DEFAULT AS IDENTITY (
    SEQUENCE NAME public.addresses_id_seq
    START WITH 1
    INCREMENT BY 1
    NO MINVALUE
    NO MAXVALUE
    CACHE 1
);


--
-- Name: order_items; Type: TABLE; Schema: public; Owner: postgres
--

CREATE TABLE public.order_items (
    id bigint NOT NULL,
    category character varying(255),
    image_url text,
    price double precision NOT NULL,
    product_id bigint NOT NULL,
    product_name character varying(255) NOT NULL,
    quantity integer NOT NULL,
    order_id bigint NOT NULL
);


ALTER TABLE public.order_items OWNER TO postgres;

--
-- Name: order_items_id_seq; Type: SEQUENCE; Schema: public; Owner: postgres
--

ALTER TABLE public.order_items ALTER COLUMN id ADD GENERATED BY DEFAULT AS IDENTITY (
    SEQUENCE NAME public.order_items_id_seq
    START WITH 1
    INCREMENT BY 1
    NO MINVALUE
    NO MAXVALUE
    CACHE 1
);


--
-- Name: orders; Type: TABLE; Schema: public; Owner: postgres
--

CREATE TABLE public.orders (
    id bigint NOT NULL,
    customer_email character varying(255) NOT NULL,
    customer_name character varying(255) NOT NULL,
    delivery_address text,
    placed_at timestamp(6) without time zone,
    status character varying(255),
    total_amount double precision NOT NULL,
    CONSTRAINT orders_status_check CHECK (((status)::text = ANY ((ARRAY['PENDING'::character varying, 'CONFIRMED'::character varying, 'SHIPPED'::character varying, 'DELIVERED'::character varying, 'CANCELLED'::character varying])::text[])))
);


ALTER TABLE public.orders OWNER TO postgres;

--
-- Name: orders_id_seq; Type: SEQUENCE; Schema: public; Owner: postgres
--

ALTER TABLE public.orders ALTER COLUMN id ADD GENERATED BY DEFAULT AS IDENTITY (
    SEQUENCE NAME public.orders_id_seq
    START WITH 1
    INCREMENT BY 1
    NO MINVALUE
    NO MAXVALUE
    CACHE 1
);


--
-- Name: product; Type: TABLE; Schema: public; Owner: postgres
--

CREATE TABLE public.product (
    id bigint NOT NULL,
    category character varying(255),
    image character varying(1000),
    material character varying(255),
    name character varying(500),
    offers character varying(255),
    price double precision NOT NULL,
    purity character varying(255),
    stock integer NOT NULL
);


ALTER TABLE public.product OWNER TO postgres;

--
-- Name: product_id_seq; Type: SEQUENCE; Schema: public; Owner: postgres
--

ALTER TABLE public.product ALTER COLUMN id ADD GENERATED BY DEFAULT AS IDENTITY (
    SEQUENCE NAME public.product_id_seq
    START WITH 1
    INCREMENT BY 1
    NO MINVALUE
    NO MAXVALUE
    CACHE 1
);


--
-- Name: product_sizes; Type: TABLE; Schema: public; Owner: postgres
--

CREATE TABLE public.product_sizes (
    product_id bigint NOT NULL,
    sizes character varying(255)
);


ALTER TABLE public.product_sizes OWNER TO postgres;

--
-- Name: product_variants; Type: TABLE; Schema: public; Owner: postgres
--

CREATE TABLE public.product_variants (
    product_id bigint NOT NULL,
    variants character varying(255)
);


ALTER TABLE public.product_variants OWNER TO postgres;

--
-- Name: users; Type: TABLE; Schema: public; Owner: postgres
--

CREATE TABLE public.users (
    id bigint NOT NULL,
    email character varying(255),
    password character varying(255),
    username character varying(255)
);


ALTER TABLE public.users OWNER TO postgres;

--
-- Name: users_id_seq; Type: SEQUENCE; Schema: public; Owner: postgres
--

ALTER TABLE public.users ALTER COLUMN id ADD GENERATED BY DEFAULT AS IDENTITY (
    SEQUENCE NAME public.users_id_seq
    START WITH 1
    INCREMENT BY 1
    NO MINVALUE
    NO MAXVALUE
    CACHE 1
);


--
-- Data for Name: addresses; Type: TABLE DATA; Schema: public; Owner: postgres
--

COPY public.addresses (id, city, country, email, latitude, longitude, name, phone, pincode, state, street) FROM stdin;
1	THENI DISTRICT	India	franklinsurya4@gmail.com	13.085581292982592	80.27169227600098	FRANKLIN SURYA.S	09566688134	625513	TAMIL NADU	South Street,T.Sindalai Cherry,Theni(dt).
\.


--
-- Data for Name: order_items; Type: TABLE DATA; Schema: public; Owner: postgres
--

COPY public.order_items (id, category, image_url, price, product_id, product_name, quantity, order_id) FROM stdin;
2	electronics	https://cdn.mos.cms.futurecdn.net/n6SJKGYyQEQofHtNR88F6n-1200-80.jpg	45000	1	Samsung TV	1	2
3	electronics	https://www.orionphotogroup.com/wp-content/uploads/2023/09/OPG-Blog-Best-Professional-Canon-Cameras-That-Should-Be-On-Every-Photographers-List-10-12-2023-scaled.jpg	55000	6	Canon Camera	1	3
4	electronics	https://www.orionphotogroup.com/wp-content/uploads/2023/09/OPG-Blog-Best-Professional-Canon-Cameras-That-Should-Be-On-Every-Photographers-List-10-12-2023-scaled.jpg	55000	6	Canon Camera	1	4
5	sports	https://isportscricket.com/wp-content/uploads/2023/10/Gel-Peake-5-GS-Cricket-Shoes-For-Men-4-768x768.jpg	2499	44	Cricket Shoes	1	5
6	electronics	https://cdn.mos.cms.futurecdn.net/n6SJKGYyQEQofHtNR88F6n-1200-80.jpg	45000	2	Samsung TV	1	6
7	home-appliances	https://tse2.mm.bing.net/th/id/OIP.JjLKiAdjRnQgp-Lsjsr52QHaFL?w=640&h=448&rs=1&pid=ImgDetMain&o=7&rm=3	4499	54	Refrigerator	1	7
8	home-appliances	https://tse2.mm.bing.net/th/id/OIP.JjLKiAdjRnQgp-Lsjsr52QHaFL?w=640&h=448&rs=1&pid=ImgDetMain&o=7&rm=3	4499	54	Refrigerator	1	8
9	home-appliances	https://tse2.mm.bing.net/th/id/OIP.JjLKiAdjRnQgp-Lsjsr52QHaFL?w=640&h=448&rs=1&pid=ImgDetMain&o=7&rm=3	4499	54	Refrigerator	1	9
10	home-appliances	https://tse2.mm.bing.net/th/id/OIP.JjLKiAdjRnQgp-Lsjsr52QHaFL?w=640&h=448&rs=1&pid=ImgDetMain&o=7&rm=3	4499	54	Refrigerator	1	10
11	electronics	https://cdn.mos.cms.futurecdn.net/n6SJKGYyQEQofHtNR88F6n-1200-80.jpg	45000	2	Samsung TV	1	11
12	electronics	https://cdn.mos.cms.futurecdn.net/n6SJKGYyQEQofHtNR88F6n-1200-80.jpg	45000	2	Samsung TV	1	12
13	watches	https://tse1.mm.bing.net/th/id/OIP.t5fofMDLzX4mqSVHaxWXqgHaHa?rs=1&pid=ImgDetMain&o=7&rm=3	9500	200	Casio G-Shock GA2100	1	13
14	fashions	https://petermanningnyc.com/cdn/shop/files/ATP04450_2048x2048.jpg?v=1697216911	1299	25	Slim Fit Chinos	1	14
15	books	https://tse2.mm.bing.net/th/id/OIP.Sw3f7TKctnpdlSKsyI9FfQHaHa?w=600&h=600&rs=1&pid=ImgDetMain&o=7&rm=3	5000	135	1984	1	15
16	electronics	https://cdn.dxomark.com/wp-content/uploads/medias/post-126771/Apple-iPhone-14-Pro_FINAL_featured-image-packshot-review-1.jpg	79999	1	iPhone 14	1	16
17	watches	https://tse1.mm.bing.net/th/id/OIP.t5fofMDLzX4mqSVHaxWXqgHaHa?rs=1&pid=ImgDetMain&o=7&rm=3	9500	200	Casio G-Shock GA2100	1	16
18	books	https://tse2.mm.bing.net/th/id/OIP.Sw3f7TKctnpdlSKsyI9FfQHaHa?w=600&h=600&rs=1&pid=ImgDetMain&o=7&rm=3	5000	135	1984	1	16
19	fashions	https://youraverageguystyle.com/wp-content/uploads/2018/11/Levis-Sherpa-Jacket-Wall-Leaning-Teal-Orange-Update-1440x1695.jpg	499	22	Sherpa Trucker Jacket	1	17
20	sports	https://nwscdn.com/media/wysiwyg/cricket/Ultra_Durable_Cricket_Stumps.jpg	1999	39	Cricket Stumps	1	18
21	sports	https://tse3.mm.bing.net/th/id/OIP.YyAAMbXkjJ2Bggd1RXPaIwHaHa?w=580&h=580&rs=1&pid=ImgDetMain&o=7&rm=3	999	40	Cricket Batting Gloves	1	19
22	electronics	https://sony.scene7.com/is/image/sonyglobalsolutions/Headphones-primary%20tout-mobile-1534x1083?$toutMobile$&fmt=png-alpha	12000	4	Sony Headphones	1	20
23	fashions	https://youraverageguystyle.com/wp-content/uploads/2018/11/Levis-Sherpa-Jacket-Wall-Leaning-Teal-Orange-Update-1440x1695.jpg	499	22	Sherpa Trucker Jacket	1	21
24	electronics	https://cdn.dxomark.com/wp-content/uploads/medias/post-126771/Apple-iPhone-14-Pro_FINAL_featured-image-packshot-review-1.jpg	79999	1	iPhone 14	1	22
25	automotive-spares	https://tse4.mm.bing.net/th/id/OIP.UhGFxXFBk6SsbS1JSwdivAHaHa?w=980&h=980&rs=1&pid=ImgDetMain&o=7&rm=3	1800	167	Engine Oil Filter	1	23
26	electronics	https://cdn.dxomark.com/wp-content/uploads/medias/post-126771/Apple-iPhone-14-Pro_FINAL_featured-image-packshot-review-1.jpg	79999	1	iPhone 14	1	24
27	electronics	https://www.orionphotogroup.com/wp-content/uploads/2023/09/OPG-Blog-Best-Professional-Canon-Cameras-That-Should-Be-On-Every-Photographers-List-10-12-2023-scaled.jpg	55000	6	Canon Camera	1	25
28	sports	https://boothype.com/wp-content/uploads/2023/04/adidas-predator-accuracy-football-boots-soccer-cleats-review-2.jpg	3599	47	FootBall Shoes	1	26
29	fashions	https://begin-motorcycling.co.uk/wp-content/uploads/2017/05/tcx_boots_hero_vintage_brown_update.jpeg	799	23	Leather Biker Boots	1	27
30	sports	https://tse3.mm.bing.net/th/id/OIP.YyAAMbXkjJ2Bggd1RXPaIwHaHa?w=580&h=580&rs=1&pid=ImgDetMain&o=7&rm=3	999	40	Cricket Batting Gloves	1	27
31	jewelleries	https://tse1.mm.bing.net/th/id/OIP.TEQ2QbkL5T61_spSLZKZewHaHa?rs=1&pid=ImgDetMain&o=7&rm=3	500000	87	Gold Hoop Earrings	1	27
32	bags-luggages	https://tse1.mm.bing.net/th/id/OIP.EhqFUCWpxELh2F_XAKfNxwHaHa?w=2000&h=2000&rs=1&pid=ImgDetMain&o=7&rm=3	4800	183	Large Check-In Luggage	1	27
33	sports	https://nwscdn.com/media/catalog/product/h/i/high_value_football_goalkeeper_gloves.jpg	1599	48	FootBall Goalie Gloves	1	27
34	sports	https://tse1.mm.bing.net/th/id/OIP.SbLOlG9tu-Y0kBEUWizRoAHaHa?rs=1&pid=ImgDetMain&o=7&rm=3	1049	50	Volleyballs 	1	27
35	automotive-spares	https://tse4.mm.bing.net/th/id/OIP.UhGFxXFBk6SsbS1JSwdivAHaHa?w=980&h=980&rs=1&pid=ImgDetMain&o=7&rm=3	1800	167	Engine Oil Filter	1	27
36	fashions	https://youraverageguystyle.com/wp-content/uploads/2018/11/Levis-Sherpa-Jacket-Wall-Leaning-Teal-Orange-Update-1440x1695.jpg	499	22	Sherpa Trucker Jacket	1	28
37	electronics	https://cdn.mos.cms.futurecdn.net/n6SJKGYyQEQofHtNR88F6n-1200-80.jpg	45000	2	Samsung TV	1	29
38	electronics	https://wallpaperaccess.com/full/9565781.jpg	35000	5	Apple Watch	1	30
39	sports	https://nwscdn.com/media/wysiwyg/cricket/Ultra_Durable_Cricket_Stumps.jpg	1999	39	Cricket Stumps	1	31
40	electronics	https://cdn.dxomark.com/wp-content/uploads/medias/post-126771/Apple-iPhone-14-Pro_FINAL_featured-image-packshot-review-1.jpg	79999	1	iPhone 14	1	32
41	electronics	https://i.pcmag.com/imagery/reviews/01hVqiHjH9X85jJPttOdW1a-2.jpg	90000	3	Dell XPS Laptop	1	33
42	fashions	https://begin-motorcycling.co.uk/wp-content/uploads/2017/05/tcx_boots_hero_vintage_brown_update.jpeg	799	23	Leather Biker Boots	1	34
43	fashions	https://i5.walmartimages.com/seo/YUELONGHU-Men-Casual-Crew-Neck-Pullover-Sweatshirts-Men-Zipper-Men-s-Winter-Color-Matching-Stand-Collar-Lamb-Velvet-Zipper-Casual-Hoodie-Quarter-Zip_0c153de4-cb27-4ba5-b324-90d18e368891.d773db3b4b4c0b6e96c8c6ad157a01d2.jpeg	799	29	Cotton Hoodie	1	35
44	footwears	https://tse3.mm.bing.net/th/id/OIP.fVmDi49MuChEuOlE3TNeUAHaHa?rs=1&pid=ImgDetMain&o=7&rm=3	6150	114	Derby Shoes	1	36
45	sports	https://tse3.mm.bing.net/th/id/OIP.YyAAMbXkjJ2Bggd1RXPaIwHaHa?w=580&h=580&rs=1&pid=ImgDetMain&o=7&rm=3	999	40	Cricket Batting Gloves	1	37
46	footwears	https://tse1.mm.bing.net/th/id/OIP.ePoGvzazxYS2r81E0dZxbgHaE7?rs=1&pid=ImgDetMain&o=7&rm=3	5000	103	Running Shoes	1	38
47	toys	https://tse1.mm.bing.net/th/id/OIP.ckPu9PCDENvdqMcosv68jgHaE8?w=960&h=640&rs=1&pid=ImgDetMain&o=7&rm=3	4499	70	RoboRacer Car	1	39
48	electronics	https://robots.net/wp-content/uploads/2023/08/12-amazing-logitech-m325-mouse-for-2023-1693128078.jpg	2500	13	Logitech Mouse	1	40
49	fashions	https://youraverageguystyle.com/wp-content/uploads/2018/11/Levis-Sherpa-Jacket-Wall-Leaning-Teal-Orange-Update-1440x1695.jpg	499	22	Sherpa Trucker Jacket	1	41
\.


--
-- Data for Name: orders; Type: TABLE DATA; Schema: public; Owner: postgres
--

COPY public.orders (id, customer_email, customer_name, delivery_address, placed_at, status, total_amount) FROM stdin;
11	franklinsurya4@gmail.com	Surya	South Street,T.Sindalai Cherry,Theni(dt).	2026-03-12 14:37:07.535067	CONFIRMED	45000
13	franklinsurya4@gmail.com	Ben	South Street,T.Sindalai Cherry,Theni(dt).	2026-03-12 15:06:20.440048	CONFIRMED	9500
12	franklinsurya4@gmail.com	Surya	soutuh street,t,sindalai cherry,theni,tamil nadu,india.	2026-03-12 14:53:56.02594	CANCELLED	45000
16	franklinsurya4@gmail	Franklin Surya	soutuh street,t,sindalai cherry,theni,tamil nadu,india.	2026-03-12 15:17:33.879114	CONFIRMED	94499
17	franklinsurya4@gmail	Franklin Surya	South Street,T.Sindalai Cherry,Theni(dt).	2026-03-12 15:26:41.318636	CONFIRMED	598
18	franklinsurya4@gmail	Franklin Surya	soutuh street,t,sindalai cherry,theni,tamil nadu,india.	2026-03-12 15:27:25.745616	CONFIRMED	1999
19	franklinsurya4@gmail	Franklin Surya	South Street,T.Sindalai Cherry,Theni(dt).	2026-03-12 15:28:26.472994	CONFIRMED	1098
20	franklinsurya4@gmail	Franklin Surya	South Street,T.Sindalai Cherry,Theni(dt).	2026-03-12 15:29:07.406118	CONFIRMED	12000
21	franklinsurya4@gmail	Franklin Surya	soutuh street,t,sindalai cherry,theni,tamil nadu,india.	2026-03-12 15:34:57.376539	CONFIRMED	598
22	franklinsurya4@gmail	Franklin Surya	South Street,T.Sindalai Cherry,Theni(dt).	2026-03-12 15:35:41.612646	CONFIRMED	79999
23	franklinsurya4@gmail	Franklin Surya	South Street,T.Sindalai Cherry,Theni(dt).	2026-03-12 15:36:08.280109	CONFIRMED	1800
24	franklinsurya4@gmail	Franklin Surya	South Street,T.Sindalai Cherry,Theni(dt).	2026-03-12 15:37:04.598041	CONFIRMED	79999
25	franklinsurya4@gmail	Franklin Surya	South Street,T.Sindalai Cherry,Theni(dt).	2026-03-12 15:37:28.074116	CONFIRMED	55000
26	franklinsurya4@gmail	Franklin Surya	South Street,T.Sindalai Cherry,Theni(dt).	2026-03-12 15:53:42.955569	CONFIRMED	3599
27	franklinsurya4@gmail	Franklin Surya	soutuh street,t,sindalai cherry,theni,tamil nadu,india.	2026-03-12 15:58:52.52182	CONFIRMED	511046
29	franklinsurya4@gmail	Franklin Surya	South Street,T.Sindalai Cherry,Theni(dt).	2026-03-12 16:13:53.853717	CONFIRMED	45000
31	franklinsurya4@gmail	Franklin Surya	soutuh street,t,sindalai cherry,theni,tamil nadu,india.	2026-03-12 16:15:00.404149	CONFIRMED	1999
32	franklinsurya4@gmail.com	Franklin Surya	South Street,T.Sindalai Cherry,Theni(dt).	2026-03-13 08:57:29.355009	CONFIRMED	79999
33	ciborachristy8@gmail.com	Franklin Surya	South Street,T.Sindalai Cherry,Theni(dt).	2026-03-13 09:01:36.487346	CONFIRMED	90000
34	franklinsurya4@gmail.com	FRANKLIN SURYA.S	South Street,T.Sindalai Cherry,Theni(dt).	2026-03-13 11:39:23.874592	CONFIRMED	898
30	franklinsurya4@gmail	Franklin Surya	South Street,T.Sindalai Cherry,Theni(dt).	2026-03-12 16:14:21.577492	CANCELLED	35000
36	franklinsurya4@gmail.com	FRANKLIN SURYA.S	South Street,T.Sindalai Cherry,Theni(dt).	2026-03-13 19:47:07.762195	CONFIRMED	6150
37	franklinsurya4@gmail.com	FRANKLIN SURYA.S	South Street,T.Sindalai Cherry,Theni(dt).	2026-03-13 20:49:35.583879	CONFIRMED	1098
28	franklinsurya4@gmail	Franklin Surya	South Street,T.Sindalai Cherry,Theni(dt).	2026-03-12 15:59:13.258818	DELIVERED	598
38	franklinsurya4@gmail.com	FRANKLIN SURYA.S	South Street,T.Sindalai Cherry,Theni(dt).	2026-03-13 21:04:24.696203	DELIVERED	5000
2	franklinsurya4@gmail.com	Franklin	Chennai, Tamil Nadu, India	2026-03-12 11:06:42.467895	DELIVERED	45000
3	franklinsurya4@gmail.com	FRANKLIN SURYA.S	South Street,T.Sindalai Cherry,Theni(dt).	2026-03-12 11:37:47.4898	DELIVERED	55000
4	franklinsurya4@gmail.com	FRANKLIN SURYA.S	South Street,T.Sindalai Cherry,Theni(dt).	2026-03-12 13:23:38.368627	DELIVERED	55000
5	franklinsurya4@gmail.com	Surya	South Street,T.Sindalai Cherry,Theni(dt).	2026-03-12 13:25:08.639064	DELIVERED	2499
6	franklinsurya4@gmail.com	Surya	South Street,T.Sindalai Cherry,Theni(dt).	2026-03-12 13:32:05.442477	DELIVERED	45000
7	franklinsurya4@gmail.com	Surya	South Street,T.Sindalai Cherry,Theni(dt).	2026-03-12 14:19:08.172156	DELIVERED	4499
8	franklinsurya4@gmail.com	Surya	South Street,T.Sindalai Cherry,Theni(dt).	2026-03-12 14:21:55.115999	DELIVERED	4499
10	franklinsurya4@gmail.com	Surya	South Street,T.Sindalai Cherry,Theni(dt).	2026-03-12 14:36:21.430646	DELIVERED	4499
9	franklinsurya4@gmail.com	Surya	South Street,T.Sindalai Cherry,Theni(dt).	2026-03-12 14:30:17.805909	SHIPPED	4499
14	franklinsurya4@gmail.com	Ben	South Street,T.Sindalai Cherry,Theni(dt).	2026-03-12 15:07:12.32581	SHIPPED	1299
35	franklinsurya4@gmail.com	FRANKLIN SURYA.S	South Street,T.Sindalai Cherry,Theni(dt).	2026-03-13 11:46:12.265151	DELIVERED	898
39	franklinsurya4@gmail.com	FRANKLIN SURYA.S	South Street,T.Sindalai Cherry,Theni(dt).	2026-03-13 23:47:32.291712	CONFIRMED	4499
15	franklinsurya4@gmail.com	Curran	South Street,T.Sindalai Cherry,Theni(dt).	2026-03-12 15:14:44.232112	SHIPPED	5000
40	franklinsurya4@gmail.com	FRANKLIN SURYA.S	South Street,T.Sindalai Cherry,Theni(dt).	2026-03-14 11:52:21.408354	CONFIRMED	2500
41	franklinsurya4@gmail.com	FRANKLIN SURYA.S	South Street,T.Sindalai Cherry,Theni(dt).	2026-03-14 12:12:28.671098	CONFIRMED	598
\.


--
-- Data for Name: product; Type: TABLE DATA; Schema: public; Owner: postgres
--

COPY public.product (id, category, image, material, name, offers, price, purity, stock) FROM stdin;
1	electronics	https://cdn.dxomark.com/wp-content/uploads/medias/post-126771/Apple-iPhone-14-Pro_FINAL_featured-image-packshot-review-1.jpg	\N	iPhone 14	10% off on first purchase	79999	\N	50
2	electronics	https://cdn.mos.cms.futurecdn.net/n6SJKGYyQEQofHtNR88F6n-1200-80.jpg	\N	Samsung TV	Free wall mount included	45000	\N	30
3	electronics	https://i.pcmag.com/imagery/reviews/01hVqiHjH9X85jJPttOdW1a-2.jpg	\N	Dell XPS Laptop	5% cashback on credit card	90000	\N	20
4	electronics	https://sony.scene7.com/is/image/sonyglobalsolutions/Headphones-primary%20tout-mobile-1534x1083?$toutMobile$&fmt=png-alpha	\N	Sony Headphones	Buy 1 Get 1 Ear Cushion Free	12000	\N	100
5	electronics	https://wallpaperaccess.com/full/9565781.jpg	\N	Apple Watch	Free strap with purchase	35000	\N	40
6	electronics	https://www.orionphotogroup.com/wp-content/uploads/2023/09/OPG-Blog-Best-Professional-Canon-Cameras-That-Should-Be-On-Every-Photographers-List-10-12-2023-scaled.jpg	\N	Canon Camera	Free 64GB SD Card	55000	\N	15
7	electronics	https://www.homecinemachoice.com/images/styles/600_wide/public/hcc195_minx1.jpg	\N	Bluetooth Speaker	20% off on second speaker	4000	\N	80
8	electronics	https://www.primzstarmodz.co.uk/cdn/shop/products/IMG20220619120552PhotoRoom-20220630_130451_67_1024x1024.png?v=1656603338	\N	PlayStation 5	Free 3-month PS Plus	50000	\N	25
9	electronics	https://www.lg.com/content/dam/channel/wcms/de/images/monitore/32gs95ux-b/features/ultragear-32gs95ue-01-2-lg-ultragear-oled-mv.jpg	\N	LG Monitor	10% student discount	15000	\N	35
10	electronics	https://static3.webx.pk/files/509/Images/tp-link-archer-ax12-next-gen-wi-fi-6-ax1500-mbps-gigabit-dua-509-2264193-261124092430428.png	\N	TP-Link Router	Free setup guide	3000	\N	60
11	electronics	https://mir-s3-cdn-cf.behance.net/projects/404/b3652a146495733.Y3JvcCwxODQxLDE0NDAsMzYwLDA.png	\N	DJI Drone	Extra battery included	75000	\N	10
12	electronics	https://cdn.shopify.com/s/files/1/0059/0630/1017/t/5/assets/keychronv3custommechanicalkeyboardwithqmkviafrostedblackversion-1665384038355.jpg?v=1665384040	\N	Mechanical Keyboard	Free keycap set	5000	\N	70
13	electronics	https://robots.net/wp-content/uploads/2023/08/12-amazing-logitech-m325-mouse-for-2023-1693128078.jpg	\N	Logitech Mouse	Buy 2 get 10% off	2500	\N	120
14	electronics	https://tse1.mm.bing.net/th/id/OIP.mFRHm9IWsmyszac2IjwC9gHaE8?rs=1&pid=ImgDetMain&o=7&rm=3	\N	Epson Projector	Free carrying case	45000	\N	12
15	electronics	https://myrogaprod.s3.us-east-2.amazonaws.com/images/web/Desktop_External_Hard_Drives.webp	\N	External HDD 2TB	2-year warranty	6000	\N	90
16	electronics	https://geoniti.com/images/large/exploring-virtual-reality-systems-immersive-vr-headset.webp	\N	VR Headset	Free VR game bundle	35000	\N	18
38	sports	https://www.kashmirica.com/wp-content/uploads/2023/03/download-1-scaled.jpeg	Willow Wood	Cricket Bats	10% off	4499	\N	25
39	sports	https://nwscdn.com/media/wysiwyg/cricket/Ultra_Durable_Cricket_Stumps.jpg	Wood	Cricket Stumps	No offer	1999	\N	40
40	sports	https://tse3.mm.bing.net/th/id/OIP.YyAAMbXkjJ2Bggd1RXPaIwHaHa?w=580&h=580&rs=1&pid=ImgDetMain&o=7&rm=3	Leather	Cricket Batting Gloves	5% off	999	\N	50
41	sports	https://www.mrcrickethockey.com/wp-content/uploads/2021/12/Kookaburra-LC-2.0-Cricket-Wicket-Keeping-Gloves-2022.jpg	Leather	Wicket Keeping Gloves	No offer	1299	\N	35
42	sports	https://www.goaliesplus.com/wp-content/uploads/2024/05/Vaughn-SLR4-Pro-Goalie-Leg-Pads-Royal-Blue-Red-768x768.png	Foam + Leather	Leg Pads	10% off	1499	\N	30
43	sports	https://tse4.mm.bing.net/th/id/OIP.ExfyG1HD0u-gIU6MIGPTFgHaE8?w=612&h=408&rs=1&pid=ImgDetMain&o=7&rm=3	Leather	Cricket Ball	No offer	899	\N	100
44	sports	https://isportscricket.com/wp-content/uploads/2023/10/Gel-Peake-5-GS-Cricket-Shoes-For-Men-4-768x768.jpg	Synthetic	Cricket Shoes	15% off	2499	\N	20
45	sports	https://m.media-amazon.com/images/I/61wvzU-tAFL._AC_SL1000_.jpg	Plastic + Metal	Cricket Helmets	No offer	2049	\N	15
46	sports	https://static.independent.co.uk/2021/11/12/13/b3bd5f8eaa3c5c0706195318bcfa6744Y29udGVudHNlYXJjaGFwaSwxNjM2ODA2Nzg3-2.61506835.jpg?quality=75&width=1200&auto=webp	Synthetic Leather	FootBalls	10% off	6599	\N	60
47	sports	https://boothype.com/wp-content/uploads/2023/04/adidas-predator-accuracy-football-boots-soccer-cleats-review-2.jpg	Synthetic	FootBall Shoes	No offer	3599	\N	25
48	sports	https://nwscdn.com/media/catalog/product/h/i/high_value_football_goalkeeper_gloves.jpg	Latex + Foam	FootBall Goalie Gloves	5% off	1599	\N	20
49	sports	https://www.nets4you.com/cdn/shop/files/D21081-060.png?v=1759234395&width=4096	Polyethylene	FootBall Nets	No offer	9999	\N	10
50	sports	https://tse1.mm.bing.net/th/id/OIP.SbLOlG9tu-Y0kBEUWizRoAHaHa?rs=1&pid=ImgDetMain&o=7&rm=3	Synthetic	Volleyballs 	No offer	1049	\N	50
51	sports	https://www.moderngentlemanmagazine.com/wp-content/uploads/2023/06/howtallismensvolleyballneti4hz.jpg-Q48R.jpg	Polypropylene	Volleyball Nets	No offer	5999	\N	15
52	sports	https://www.verywellfit.com/thmb/WwE_s8ybtAye12pJ5zFNoIGL1hg=/1500x0/filters:no_upscale():max_bytes(150000):strip_icc()/VWFit-best-volleyball-shoes-4177089-4d86ef0213b048e3af609a9b9227bae8.jpg	Synthetic	Volleyball Shoes	10% off	1799	\N	20
53	sports	https://tse3.mm.bing.net/th/id/OIP.N9h5uCbq7xRTm7WGQGrWxwHaHa?rs=1&pid=ImgDetMain&o=7&rm=3	Polyester	Arm sleeves	No offer	499	\N	80
54	home-appliances	https://tse2.mm.bing.net/th/id/OIP.JjLKiAdjRnQgp-Lsjsr52QHaFL?w=640&h=448&rs=1&pid=ImgDetMain&o=7&rm=3	\N	Refrigerator	10% off	4499	\N	25
55	home-appliances	https://images-na.ssl-images-amazon.com/images/I/81W95cjDxfL._SL1500_.jpg	\N	Microwave Oven	5% cashback	1999	\N	40
56	home-appliances	https://tse2.mm.bing.net/th/id/OIP.FYonl4asnRdmFXRSMwa_qAHaHT?w=1067&h=1053&rs=1&pid=ImgDetMain&o=7&rm=3	\N	Washing Machine	Free installation	999	\N	30
57	home-appliances	https://tse1.mm.bing.net/th/id/OIP.zaKuuRELh0JCbCjFMPMTnwAAAA?rs=1&pid=ImgDetMain&o=7&rm=3	\N	Air Conditioner	10% off + 1 year extra warranty	1299	\N	15
58	home-appliances	https://tse4.mm.bing.net/th/id/OIP.tKreq3m8G11LsCB2M3RHzwHaHa?rs=1&pid=ImgDetMain&o=7&rm=3	\N	Vacuum Cleaner	15% off	1499	\N	50
59	home-appliances	https://mobileimages.lowes.com/productimages/ce98a9be-8a5b-4694-8e2a-c295923de40b/64145769.jpg?size=pdhism	\N	Dishwasherl	Free delivery	899	\N	20
60	home-appliances	https://static.vecteezy.com/system/resources/previews/055/181/592/large_2x/stylish-blue-electric-kettle-modern-kitchen-appliance-free-png.png	\N	Electric Kettle	Buy 1 Get 1 Free	2499	\N	60
61	home-appliances	https://images.zola.com/449fb47c-7e9f-4822-9175-9336298f0e15?w=750	\N	Toaster	10% off	2049	\N	45
62	home-appliances	https://tse2.mm.bing.net/th/id/OIP.5GDttD-1GbJaDSTf6EDYyAHaHa?w=800&h=800&rs=1&pid=ImgDetMain&o=7&rm=3	\N	Coffee Maker	Free Coffee Beans pack	6599	\N	25
63	home-appliances	https://tse1.mm.bing.net/th/id/OIP.AKNpr1kCBsjXsrl4OR-XPwHaHa?rs=1&pid=ImgDetMain&o=7&rm=3	\N	Food Processor	5% off	3599	\N	35
64	home-appliances	https://m.media-amazon.com/images/I/71CzGZaVIUL._AC_.jpg	\N	Electric Mixer / Blender	Combo offer with grinder	1599	\N	50
65	home-appliances	https://assets.wfcdn.com/im/20205666/resize-h400-w400%5Ecompr-r85/2266/226618660/Studley+72%22+8+-+Blade+Outdoor+LED+Standard+Ceiling+Fan+with+Remote+Control+and+Light+Kit+Included.jpg	\N	Ceiling Fan	15% off + remote included	9999	\N	10
66	home-appliances	https://tse3.mm.bing.net/th/id/OIP.7URaDsPcQp3dt5Jq4hRnngHaHa?rs=1&pid=ImgDetMain&o=7&rm=3	\N	Iron Box	10% off	1049	\N	55
67	home-appliances	https://5.imimg.com/data5/JG/RT/MY-36472386/aquaguard-water-purifier-500x500.jpg	\N	Water Purifier	Free installation	5999	\N	20
68	home-appliances	https://i.pinimg.com/474x/a1/d7/b6/a1d7b6e74e0852676b3f2abcdef347f3.jpg	\N	Induction Cooktop / Stove	10% off	1799	\N	35
69	home-appliances	https://m.media-amazon.com/images/I/71FdnjYGPgL._AC_SL1500_.jpg	\N	Hair Dryer	Free travel pouch	1299	\N	40
70	toys	https://tse1.mm.bing.net/th/id/OIP.ckPu9PCDENvdqMcosv68jgHaE8?w=960&h=640&rs=1&pid=ImgDetMain&o=7&rm=3	\N	RoboRacer Car	10% off	4499	\N	25
71	toys	https://m.media-amazon.com/images/I/71eVY2OUikL._SL1200_.jpg	\N	Magic Puzzle Cube	Buy 1 Get 1 Free	1999	\N	50
72	toys	https://www.boley.com/cdn/shop/products/1034A_2_2000x.jpg?v=1559965602	\N	Dino Explorer Playset	5% off	999	\N	30
73	toys	https://live.staticflickr.com/7241/7033879611_b34efc2f26_b.jpg	\N	Flutter Fairy Doll	No offer	1299	\N	40
33	fashions	https://tse3.mm.bing.net/th/id/OIP.pyN4dKVHpR_LwEEnp1wbQgHaHa?w=700&h=700&rs=1&pid=ImgDetMain&o=7&rm=3	Wool	Crew Neck Sweater	5% off	699	\N	45
74	toys	https://i5.walmartimages.com/seo/Prextex-Classic-Big-Building-Blocks-Compatible-Major-Brands-STEM-Toy-Large-Building-Bricks-Set-Ages-100-piece-Kids-Blocks-Stem-Toys-Toddler-Education_3a162b1e-ae8d-424b-8da7-5f2d0e05fef1.a4a513544646109c43f1dab220954cf7.jpeg?odnHeight=580&odnWidth=580&odnBg=FFFFFF	\N	Build-It Blocks	15% off	1499	\N	60
75	toys	https://m.media-amazon.com/images/I/91WNo3r6YgL._AC_SL1500_.jpg	\N	Rainbow Slime Kit	20% off	899	\N	100
76	toys	https://tse1.mm.bing.net/th/id/OIP.Cc52ZdsmL_R6VFFGiufg3AHaHa?rs=1&pid=ImgDetMain&o=7&rm=3	\N	Aqua Splash Water Gun	No offer	2499	\N	35
77	toys	https://tse3.mm.bing.net/th/id/OIP.4uYIC7kH48sOozAd3vJvjAHaEv?rs=1&pid=ImgDetMain&o=7&rm=3	\N	Zooming Helicopter Drone	10% off	2049	\N	20
78	toys	https://i5.walmartimages.com/seo/53-Piece-Animal-Figure-Set-Educational-Zoo-Animals-and-Jungle-Animals-for-Kids-Children-Toddlers_da09d52d-4491-4b91-8fb0-cdd783d93f1c.5e271d90b805c8a3315cb32f05a5f897.jpeg	\N	Jungle Safari Animal Set	5% off	6599	\N	15
79	toys	https://img.freepik.com/premium-photo/robot-with-glowing-eyes-sits-dark-room-futuristic-robot-robot-with-neon-glow-3d-illustration_1283069-824.jpg	\N	Glow-in-the-Dark Robot	10% off	3599	\N	22
80	toys	https://m.media-amazon.com/images/I/71YJnQOvYeL._AC_.jpg	\N	Musical Toy Piano	No offer	1599	\N	45
81	toys	https://m.media-amazon.com/images/I/81hz3Jx1r8L._AC_SL1500_.jpg	\N	Super Hero Action Figure	15% off	9999	\N	10
82	toys	https://tse3.mm.bing.net/th/id/OIP.uLfuswMShRlloxw7mGtxEgHaEK?w=1200&h=675&rs=1&pid=ImgDetMain&o=7&rm=3	\N	Galactic Space Shooter	No offer	1049	\N	55
83	toys	https://m.media-amazon.com/images/I/71Jc8ukCx+L._AC_SL1500_.jpg	\N	Mini Marble Run	10% off	5999	\N	18
84	toys	https://m.media-amazon.com/images/I/81CAUjqAPkL._AC_.jpg	\N	Creative Art & Craft Kit	No offer	1799	\N	40
85	toys	https://m.media-amazon.com/images/I/81f-VyMTTlL.jpg	\N	Tiny Train Adventure Set	5% off	1299	\N	28
22	fashions	https://youraverageguystyle.com/wp-content/uploads/2018/11/Levis-Sherpa-Jacket-Wall-Leaning-Teal-Orange-Update-1440x1695.jpg	Denim/Wool	Sherpa Trucker Jacket	10% off	499	\N	25
23	fashions	https://begin-motorcycling.co.uk/wp-content/uploads/2017/05/tcx_boots_hero_vintage_brown_update.jpeg	Leather	Leather Biker Boots	15% off	799	\N	15
24	fashions	https://di2ponv0v5otw.cloudfront.net/posts/2022/08/04/62ec54982ca308d6bea09c88/m_62ec6ff6ff0484ea215a56af.jpeg	Cotton	Floral Summer Dress Zara	20% off	999	\N	30
25	fashions	https://petermanningnyc.com/cdn/shop/files/ATP04450_2048x2048.jpg?v=1697216911	Cotton	Slim Fit Chinos	No offer	1299	\N	40
26	fashions	https://3.imimg.com/data3/EX/CU/MY-4251021/mens-stripe-polo-shirts-500x500.jpg	Cotton	Striped Polo Shirt	5% off	699	\N	50
27	fashions	https://th.bing.com/th/id/R.e37aa4898f2d28397118e9c6e8d42b05?rik=U1K9P6X2QCVAvg&riu=http%3a%2f%2fwww.goangirl.com%2fcdn%2fshop%2fproducts%2fHTB1hFDFau6sK1RjSsrbq6xbDXXa6.jpg%3fv%3d1675195042&ehk=KMtOp%2b%2b%2bo84NwuteSItG2zmRQ3k%2fLBeBV40MB5amaXk%3d&risl=&pid=ImgRaw&r=0	Synthetic/Leather	Casual Sneakers	10% off	899	\N	60
28	fashions	https://media.vogue.in/wp-content/uploads/2018/12/Joseph1.jpg	Wool	Wool Winter Coat	20% off	599	\N	20
29	fashions	https://i5.walmartimages.com/seo/YUELONGHU-Men-Casual-Crew-Neck-Pullover-Sweatshirts-Men-Zipper-Men-s-Winter-Color-Matching-Stand-Collar-Lamb-Velvet-Zipper-Casual-Hoodie-Quarter-Zip_0c153de4-cb27-4ba5-b324-90d18e368891.d773db3b4b4c0b6e96c8c6ad157a01d2.jpeg	Cotton	Cotton Hoodie	15% off	799	\N	35
30	fashions	https://i.pinimg.com/originals/b5/e4/87/b5e487277074c13fe2e806627d435ca3.jpg	Silk	Silk Scarf	No offer	1099	\N	100
31	fashions	https://i5.walmartimages.com/seo/Njoeus-Men-s-Stylish-Double-Breasted-Long-Trench-Coat-Woolen-Blends-Winter-Long-Jacket-Warm-Overcoat_797f6ba8-506d-456c-bbe3-6c9ef7ba0c4e.a80ff091b149f00e33e684593715dded.jpeg	Wool Blend	Trench Overcoat	10% off	499	\N	25
32	fashions	https://xaina.com/wp-content/uploads/2023/02/Retro-Round-Steampunk-Sunglasses-8-scaled.jpg	Plastic/Metal	Vintage Sunglasses	No offer	1299	\N	80
34	fashions	https://i5.walmartimages.com/seo/Lisingtool-skirts-for-women-Women-s-Summer-Elastic-High-Waist-Boho-Maxi-Skirt-Casual-Drawstring-A-Line-Long-Skirt-Army-Green_5aacb06f-c6a6-4884-be83-08c5aa438bf9.9ed5d6dd3d111e9eff811dc78a3d1694.jpeg?odnHeight=640&odnWidth=640&odnBg=FFFFFF	Cotton	Maxi Skirt	10% off	899	\N	30
35	fashions	https://i5.walmartimages.com/seo/cllios-Mens-Short-Sleeve-Cotton-Linen-Shirts-Button-Down-Casual-Hawaiian-Shirt-Palm-Tree-Tropical-Summer-Holiday-Tops_de7cbbe2-11e2-402f-9bd8-afd137b504a5.56923e14f635b1f3e711518564d9b16e.jpeg	Linen/Cotton	Linen Shirt	5% off	599	\N	50
36	fashions	https://images.opumo.com/wordpress/wp-content/uploads/2022/11/opumo-3-17.jpg	Cotton	Checked Shirt	No offer	799	\N	35
37	fashions	https://i5.walmartimages.com/seo/Dovford-Men-s-Luxury-Shiny-Silk-Like-Satin-Dress-Shirt-Long-Sleeve-Casual-Slim-Fit-Muscle-Button-Up-Shirts-2024_d26b61fa-a717-44d7-8baa-1d1526d5f06a.c41293d89ed25f5175a2d5773e64aeea.jpeg	Silk Blend	Formal Shirts	10% off	999	\N	40
86	jewelleries	https://i.pinimg.com/originals/a2/bb/00/a2bb00bf96102bf158670d5d099fc920.jpg	Diamond	Diamond Necklace	10% off	2000000	18K	5
87	jewelleries	https://tse1.mm.bing.net/th/id/OIP.TEQ2QbkL5T61_spSLZKZewHaHa?rs=1&pid=ImgDetMain&o=7&rm=3	Gold	Gold Hoop Earrings	5% off	500000	22K	10
88	jewelleries	https://i.etsystatic.com/53704205/r/il/e5b8ec/6385564709/il_1080xN.6385564709_s6q7.jpg	Pearl	Pearl Bracelet	No offer	300000	\N	7
89	jewelleries	https://i.etsystatic.com/8771530/r/il/db6e9a/2873162843/il_1080xN.2873162843_t2yv.jpg	Emerald	Emerald Pendant	15% off	350000	18K	3
90	jewelleries	https://i.etsystatic.com/26027006/r/il/f53c72/6417768232/il_1080xN.6417768232_e7mn.jpg	Ruby	Ruby Stud Earrings	No offer	250000	14K	8
91	jewelleries	https://a.1stdibscdn.com/archivesE/jewelry/upload/122/593/122_1383166695_5.jpg	Platinum	Platinum Cufflinks	5% off	480000	950	4
92	jewelleries	https://www.datocms-assets.com/25216/1697131739-guide-to-choker-necklaces-2000x1333.jpg	Leather + Gem	Choker Necklace	20% off	680000	\N	6
93	jewelleries	https://tse1.explicit.bing.net/th/id/OIP.Ovx9Iz6fW-zpsTuPeH-R0wHaHa?rs=1&pid=ImgDetMain&o=7&rm=33	Diamond	Tennis Bracelet	No offer	650000	18K	2
94	jewelleries	https://i.etsystatic.com/21799546/r/il/42d84a/2231454685/il_fullxfull.2231454685_m9v2.jpg	Alloy	Charm Bracelet	10% off	70000	\N	15
95	jewelleries	https://i.etsystatic.com/15350552/r/il/4add20/2015217621/il_1080xN.2015217621_turv.jpg	Silver	Anklet Chain	5% off	390000	925	5
96	jewelleries	https://tse1.explicit.bing.net/th/id/OIP.4YpdEG6QNa_m91la4HLZigHaHa?rs=1&pid=ImgDetMain&o=7&rm=3	Gemstone	Cocktail Ring	No offer	160000	\N	12
97	jewelleries	https://tse4.mm.bing.net/th/id/OIP.1kaCLMc3mk6_HZ6-NY7psgHaHa?rs=1&pid=ImgDetMain&o=7&rm=3	Alloy	Brooch Pin	5% off	50000	\N	20
98	jewelleries	https://i.etsystatic.com/23141681/r/il/23f47e/3508232894/il_800x800.3508232894_ce2d.jpg	Gold + Diamond	Locket Necklace	No offer	6150000	22K	1
99	jewelleries	https://cdn.shopify.com/s/files/1/0249/7272/2256/products/IMG_0967_1445x.jpg?v=1617139749	Diamond	Solitaire Ring	10% off	130000	18K	9
100	jewelleries	https://tse1.explicit.bing.net/th/id/OIP.m8OpO3ZJTIH9hqJyESAO8gHaIK?rs=1&pid=ImgDetMain&o=7&rm=3	Sapphire	Sapphire Ring	15% off	310000	14K	4
101	jewelleries	https://tse3.mm.bing.net/th/id/OIP.PjLEctnb7K1q_sWtWRSA3gHaG2?rs=1&pid=ImgDetMain&o=7&rm=3	Gold + Enamel	Bangles Set	No offer	420000	22K	6
102	footwears	https://tse2.mm.bing.net/th/id/OIP.wdFXU3Z60rpaINB4REsrUQHaHa?rs=1&pid=ImgDetMain&o=7&rm=3	Mesh	Sneakers	10% OFF	2000	\N	40
103	footwears	https://tse1.mm.bing.net/th/id/OIP.ePoGvzazxYS2r81E0dZxbgHaE7?rs=1&pid=ImgDetMain&o=7&rm=3	Synthetic	Running Shoes	15% OFF	5000	\N	35
104	footwears	https://www.bxxyshoe.in/cdn/shop/products/556brnb.jpg?v=1684919673&width=1445	Leather	Loafers	12% OFF	3000	\N	25
105	footwears	https://i5.walmartimages.com/seo/Sandals-for-Women-Girls-Orthopedic-Flat-Shoes-Toe-Ring-Slide-Flip-Flop-Slippers-Casual-Soft-Retro-Bohemian-Thong-Sandals-Beach-Shoes_9bfdd33d-b61b-41bd-af90-26b5c3900254.26b7e595f01f77c3011f9cb99c474bde.jpeg	Rubber	Sandals	8% OFF	3500	\N	50
106	footwears	https://tse3.mm.bing.net/th/id/OIP.zUcelRGjrbSLA2-ObOHe6AHaJT?w=500&h=628&rs=1&pid=ImgDetMain&o=7&rm=3	Rubber	Flip-Flops	5% OFF	2500	\N	60
107	footwears	https://img.fruugo.com/product/1/68/707352681_max.jpg	Leather	Boots	20% OFF	4800	\N	22
108	footwears	https://cbu01.alicdn.com/img/ibank/2020/630/517/13445715036_107751685.jpg	Synthetic	High Heels	18% OFF	6800	\N	18
109	footwears	https://i.pinimg.com/originals/07/eb/b8/07ebb8cf103fbec87e3d2e217e9fcc7d.jpg	Cork	Wedges	10% OFF	6500	\N	28
110	footwears	https://m.media-amazon.com/images/I/61jYvZUtz5L.__AC_SX395_SY395_QL70_ML2_.jpg	Fabric	Ballet Flats	6% OFF	700	\N	40
111	footwears	https://tse1.mm.bing.net/th/id/OIP.sE9jwG0w7paVPV73kIEkNwHaE3?w=1500&h=985&rs=1&pid=ImgDetMain&o=7&rm=3	Canvas	Espadrilles	9% OFF	3900	\N	30
112	footwears	https://i.pinimg.com/736x/40/4d/49/404d49fdf8c417011c5773f067a0cddb.jpg	Leather	Brogues	11% OFF	1600	\N	24
113	footwears	https://tse4.mm.bing.net/th/id/OIP.YO3G7VpCERBYRHGX-YfU2QAAAA?w=472&h=472&rs=1&pid=ImgDetMain&o=7&rm=3	Leather	Oxford Shoes	14% OFF	5000	\N	20
114	footwears	https://tse3.mm.bing.net/th/id/OIP.fVmDi49MuChEuOlE3TNeUAHaHa?rs=1&pid=ImgDetMain&o=7&rm=3	Leather	Derby Shoes	17% OFF	6150	\N	15
115	footwears	https://tse1.mm.bing.net/th/id/OIP.OkW0Q_NfHBzZdCluJiE9AAHaHa?w=500&h=500&rs=1&pid=ImgDetMain&o=7&rm=3	Rubber	Slippers	5% OFF	1300	\N	70
116	footwears	https://i5.walmartimages.com/seo/Ecetana-Women-s-Suede-Clogs-Mules-Cork-Footbed-Slip-On-Leather-Mules-with-Arch-Support_d66c50ff-9b25-421e-9126-67a5d373760c.f958ee22297dfcf766a6c6e182087f16.jpeg	Suede	Clogs	8% OFF	3100	\N	26
117	footwears	https://image.invaluable.com/housePhotos/bradfordsauction/13/665013/H22021-L198719932_original.jpg	Leather	Moccasins	13% OFF	4200	\N	19
118	footwears	https://tse2.mm.bing.net/th/id/OIP.wdFXU3Z60rpaINB4REsrUQHaHa?rs=1&pid=ImgDetMain&o=7&rm=3	Mesh	Sneakers	10% OFF	2000	\N	40
119	footwears	https://tse1.mm.bing.net/th/id/OIP.ePoGvzazxYS2r81E0dZxbgHaE7?rs=1&pid=ImgDetMain&o=7&rm=3	Synthetic	Running Shoes	15% OFF	5000	\N	35
120	footwears	https://www.bxxyshoe.in/cdn/shop/products/556brnb.jpg?v=1684919673&width=1445	Leather	Loafers	12% OFF	3000	\N	25
121	footwears	https://i5.walmartimages.com/seo/Sandals-for-Women-Girls-Orthopedic-Flat-Shoes-Toe-Ring-Slide-Flip-Flop-Slippers-Casual-Soft-Retro-Bohemian-Thong-Sandals-Beach-Shoes_9bfdd33d-b61b-41bd-af90-26b5c3900254.26b7e595f01f77c3011f9cb99c474bde.jpeg	Rubber	Sandals	8% OFF	3500	\N	50
122	footwears	https://tse3.mm.bing.net/th/id/OIP.zUcelRGjrbSLA2-ObOHe6AHaJT?w=500&h=628&rs=1&pid=ImgDetMain&o=7&rm=3	Rubber	Flip-Flops	5% OFF	2500	\N	60
123	footwears	https://img.fruugo.com/product/1/68/707352681_max.jpg	Leather	Boots	20% OFF	4800	\N	22
124	footwears	https://cbu01.alicdn.com/img/ibank/2020/630/517/13445715036_107751685.jpg	Synthetic	High Heels	18% OFF	6800	\N	18
125	footwears	https://i.pinimg.com/originals/07/eb/b8/07ebb8cf103fbec87e3d2e217e9fcc7d.jpg	Cork	Wedges	10% OFF	6500	\N	28
126	footwears	https://m.media-amazon.com/images/I/61jYvZUtz5L.__AC_SX395_SY395_QL70_ML2_.jpg	Fabric	Ballet Flats	6% OFF	700	\N	40
127	footwears	https://tse1.mm.bing.net/th/id/OIP.sE9jwG0w7paVPV73kIEkNwHaE3?w=1500&h=985&rs=1&pid=ImgDetMain&o=7&rm=3	Canvas	Espadrilles	9% OFF	3900	\N	30
128	footwears	https://i.pinimg.com/736x/40/4d/49/404d49fdf8c417011c5773f067a0cddb.jpg	Leather	Brogues	11% OFF	1600	\N	24
129	footwears	https://tse4.mm.bing.net/th/id/OIP.YO3G7VpCERBYRHGX-YfU2QAAAA?w=472&h=472&rs=1&pid=ImgDetMain&o=7&rm=3	Leather	Oxford Shoes	14% OFF	5000	\N	20
130	footwears	https://tse3.mm.bing.net/th/id/OIP.fVmDi49MuChEuOlE3TNeUAHaHa?rs=1&pid=ImgDetMain&o=7&rm=3	Leather	Derby Shoes	17% OFF	6150	\N	15
131	footwears	https://tse1.mm.bing.net/th/id/OIP.OkW0Q_NfHBzZdCluJiE9AAHaHa?w=500&h=500&rs=1&pid=ImgDetMain&o=7&rm=3	Rubber	Slippers	5% OFF	1300	\N	70
132	footwears	https://i5.walmartimages.com/seo/Ecetana-Women-s-Suede-Clogs-Mules-Cork-Footbed-Slip-On-Leather-Mules-with-Arch-Support_d66c50ff-9b25-421e-9126-67a5d373760c.f958ee22297dfcf766a6c6e182087f16.jpeg	Suede	Clogs	8% OFF	3100	\N	26
133	footwears	https://image.invaluable.com/housePhotos/bradfordsauction/13/665013/H22021-L198719932_original.jpg	Leather	Moccasins	13% OFF	4200	\N	19
134	books	https://upload.wikimedia.org/wikipedia/commons/thumb/4/4f/To_Kill_a_Mockingbird_(first_edition_cover).jpg/1280px-To_Kill_a_Mockingbird_(first_edition_cover).jpg	Premium Paper	To Kill a Mockingbird	10% OFF	2000	\N	40
135	books	https://tse2.mm.bing.net/th/id/OIP.Sw3f7TKctnpdlSKsyI9FfQHaHa?w=600&h=600&rs=1&pid=ImgDetMain&o=7&rm=3	Matte Paper	1984	15% OFF	5000	\N	35
136	books	https://images-na.ssl-images-amazon.com/images/S/compressed.photo.goodreads.com/books/1696078947i/195303174.jpg	Glossy Paper	The Great Gatsby	12% OFF	3000	\N	25
137	books	https://1.bp.blogspot.com/-TRFr965NhSU/UG5jW4uZywI/AAAAAAAAn2w/pz6_WfKena8/s1600/pandp1995-dvd-cover2.jpg	Matte Paper	Pride and Prejudice	8% OFF	3500	\N	50
138	books	https://tse2.mm.bing.net/th/id/OIP.GUOiuVJ-O0dFfdSMErR_QAHaJs?rs=1&pid=ImgDetMain&o=7&rm=3	Premium Paper	The Catcher in the Rye	5% OFF	2500	\N	60
139	books	https://m.media-amazon.com/images/I/71K4OH9CqOL._SL1500_.jpg	Premium Paper	Moby-Dick	20% OFF	4800	\N	22
140	books	https://d28hgpri8am2if.cloudfront.net/book_images/onix/interior_spreads/9781608873869/the-hobbit-9781608873869.in04.jpg	Glossy Paper	The Hobbit	18% OFF	6800	\N	18
141	books	https://tse3.mm.bing.net/th/id/OIP.SdpQfHOKNCdc8ZZNY1ne1wHaLJ?rs=1&pid=ImgDetMain&o=7&rm=3	Premium Paper	War and Peace	10% OFF	6500	\N	28
142	books	https://m.media-amazon.com/images/I/61jYvZUtz5L.__AC_SX395_SY395_QL70_ML2_.jpg	Matte Paper	The Alchemist	6% OFF	700	\N	40
143	books	https://cdn.bookey.app/20221023181240124/20221026131254306.png	Matte Paper	The Da Vinci Code	9% OFF	3900	\N	30
144	books	https://th.bing.com/th/id/R.16332bcd9df2c9645e4cb0f3d6ebe56e?rik=ZrNnPhES17knVg&riu=http%3a%2f%2f4.bp.blogspot.com%2f-pf-p5HJU770%2fUd3oSKnNoSI%2fAAAAAAAAApk%2f6ogflWT6DyM%2fs1600%2fharry-potter-and-the-sorcerer-s-stone-original.jpg&ehk=qv%2bLkMn1ncgCRPZ3P6hrw9VZMp7jkjHIcw89EFZ6w3E%3d&risl=&pid=ImgRaw&r=0	Premium Paper	Harry Potter and the Sorcerer's Stone	11% OFF	1600	\N	24
145	books	https://images-na.ssl-images-amazon.com/images/S/pv-target-images/0895373faf04734bf3ca88e10e112f6cc8dff1c287f87a9dcbb626c528ee85f0._RI_V_TTW_.jpg	Premium Paper	The Lord of the Rings	14% OFF	5000	\N	20
146	books	https://static1.srcdn.com/wordpress/wp-content/uploads/2023/10/the-hunger-games-franchise-poster.jpg	Matte Paper	The Hunger Games	17% OFF	6150	\N	15
147	books	https://tse4.mm.bing.net/th/id/OIP.SkdltVDPKDKuRe5AqfJidwHaLo?rs=1&pid=ImgDetMain&o=7&rm=3	Matte Paper	The Book Thief	5% OFF	1300	\N	70
148	books	https://i5.walmartimages.com/asr/796460db-d783-477c-9be3-1e0b4c0b737a_1.1dcdd0ba2d7221a0a309bc45b8e5c5a5.jpeg	Premium Paper	The Kite Runner	8% OFF	3100	\N	26
149	books	https://image.tmdb.org/t/p/original/mYDKm9HxImm8PRru3KbkHAe1cmk.jpg	Glossy Paper	Life of Pi	13% OFF	4200	\N	19
150	beauty	https://revlon.co.in/cdn/shop/files/8902656402998-2-min_1400x.jpg?v=1694549750	Vitamin C Base	Radiance Glow Cream	10% OFF	1200	95% Natural	35
151	beauty	https://tse2.mm.bing.net/th/id/OIP.j37f_skMcOP4ZY5hcLdbYQHaHa?w=550&h=550&rs=1&pid=ImgDetMain&o=7&rm=3	Silicone Base	Velvet Touch Foundation	12% OFF	1800	Dermatologically Tested	28
152	beauty	https://i5.walmartimages.com/seo/Fresh-Dewy-Rose-Petal-Facial-Serum-Mist-3-38-fl-oz-Antioxidant-Brightening-Soothing-and-Hydrating-Mist_627c6294-29ed-44f4-8cab-6f68aaf82656.4b0f110e84eab5c15dbd5e196c7b0fe9.png	Rose Water Extract	Rose Petal Face Mist	8% OFF	900	98% Natural	50
153	beauty	https://img.joomcdn.net/1098d3616c96b67049d56b9af8e7d22411e6b030_1024_1024.jpeg	Aloe Vera Base	Silk Smooth Moisturizer	15% OFF	1500	96% Natural	40
154	beauty	https://tse3.mm.bing.net/th/id/OIP.DQfNMCOsyAht3DEvKrPWUAHaGU?w=550&h=469&rs=1&pid=ImgDetMain&o=7&rm=3	Mineral Powder	Golden Shine Highlighter	11% OFF	1300	Mineral Based	25
155	beauty	https://tse2.mm.bing.net/th/id/OIP.bbGb3cBp3Qh2t0L_UDnCFQHaHa?rs=1&pid=ImgDetMain&o=7&rm=3	Vitamin C + Hyaluronic Acid	Pure Glow Vitamin Serum	14% OFF	2100	97% Natural	32
156	beauty	https://cdn.klassy.com.bd/uploads/products/products/Mistine-Acne-Clear-Face-wash-85g-88ef-products.webp	Tea Tree Extract	Crystal Clear Face Wash	7% OFF	800	95% Natural	60
157	beauty	https://tse1.mm.bing.net/th/id/OIP.oZNEtkCnu0ny8fldAvOebAHaHa?rs=1&pid=ImgDetMain&o=7&rm=3	Honey & Shea Butter	Honey Soft Lip Balm	6% OFF	500	99% Natural	70
158	beauty	https://img.freepik.com/premium-photo/compact-makeup-powder-isolated-white-background_153090-505.jpg	Mineral Powder	Diamond Finish Compact	10% OFF	1400	Dermatologically Tested	22
159	beauty	https://media1.popsugar-assets.com/files/thumbor/Deyzal1Cw1HYLBOMRiaGd7bZFFA/fit-in/1024x1024/filters:format_auto-!!-:strip_icc-!!-/2019/05/30/835/n/1922153/a57d23c95cf028d23f2f52.82050479_fresh/i/Fresh-Rose-Deep-Hydration-Facial-Toner.webp	Floral Extract	Fresh Bloom Toner	9% OFF	950	98% Natural	48
160	beauty	https://cdn01.pharmeasy.in/dam/products_otc/W59188/myglamm-lit-satin-matte-lipstick-the-affair-6.5-1684221719.jpg	Beeswax Base	Satin Matte Lipstick	13% OFF	1100	Dermatologically Tested	55
161	beauty	https://tse4.mm.bing.net/th/id/OIP.nuUFkH42F2wJ9qodUsOUMgHaHa?w=1000&h=1000&rs=1&pid=ImgDetMain&o=7&rm=3	Turmeric & Sandalwood	Herbal Brightening Face Pack	12% OFF	1200	100% Herbal	38
162	beauty	https://tse4.mm.bing.net/th/id/OIP.XJbmsO3hY2McSfLPp3t7RwHaHa?w=1000&h=1000&rs=1&pid=ImgDetMain&o=7&rm=3	Pearl Extract	Pearl Glow BB Cream	10% OFF	1350	Dermatologically Tested	30
163	beauty	https://i.pinimg.com/736x/50/52/4d/50524df3d7113c33fad3551cf868e133.jpg	Retinol Base	Ultra Repair Night Cream	16% OFF	2200	Clinically Tested	26
164	beauty	https://cdn1.ozone.ru/s3/multimedia-1/c600/6638053933.jpg	Aloe Vera Extract	Aloe Refresh Gel	8% OFF	700	99% Natural	65
165	beauty	https://www.temptalia.com/wp-content/uploads/2021/12/fenty-beauty_sidechick_002_product-350x350.jpg	Silicone + Vitamin E	Luminous Skin Primer	11% OFF	1600	Dermatologically Tested	29
166	automotive-spares	https://mcprod.gsfcarparts.com/media/catalog/product/d/r/drivetec-padsac.jpg?optimize=medium&bg-color=255,255,255&fit=bounds&height=&width=	Ceramic Composite	Brake Pad Set	10% OFF	1200	OEM Grade	35
167	automotive-spares	https://tse4.mm.bing.net/th/id/OIP.UhGFxXFBk6SsbS1JSwdivAHaHa?w=980&h=980&rs=1&pid=ImgDetMain&o=7&rm=3	Steel Housing + Paper Filter	Engine Oil Filter	12% OFF	1800	ISO Certified	28
168	automotive-spares	https://m.media-amazon.com/images/I/71z0pii7JzL._SX679_.jpg	Reinforced Rubber	Radiator Coolant Hose	8% OFF	900	Heat Resistant Grade	50
169	automotive-spares	https://img.freepik.com/premium-photo/repair-undercarriage-vehicle-car-shock-absorber-garage_124507-54545.jpg	Hardened Steel	Shock Absorber	15% OFF	1500	OEM Standard	40
170	automotive-spares	https://tse4.mm.bing.net/th/id/OIP.eN_4SJuP4bNrUt51DS1NVgHaIS?rs=1&pid=ImgDetMain&o=7&rm=3	Iridium Tip	Spark Plug	11% OFF	1300	High Conductivity	25
171	automotive-spares	https://tse3.mm.bing.net/th/id/OIP.ggNJqeJmhG-nuzvxpQk-jgHaHA?rs=1&pid=ImgDetMain&o=7&rm=3	Lead Acid Cells	Car Battery	14% OFF	2100	Automotive Grade	32
172	automotive-spares	https://orionengineering.in/wp-content/uploads/2019/03/XH-UN004S-Air-Intake-Filter-Height-High-Flow-Cone-Cold-Air-Intake-Performance-Air-Filter-Car-1.jpg	Synthetic Fiber	Air Intake Filter	7% OFF	800	OEM Quality	60
173	automotive-spares	https://i5.walmartimages.com/seo/Gentle-King-H11-Halogen-Headlight-Bulb-55W_3d2ba972-547e-477c-9a83-842a08a33aea.f4b22ce5ef80ec6729236bcea6136fa3.jpeg	Quartz Glass	Headlight Bulb	6% OFF	500	High Brightness Grade	70
174	automotive-spares	https://tse1.mm.bing.net/th/id/OIP.UO4xmCWPXn6r5OljgUGz1gHaGj?rs=1&pid=ImgDetMain&o=7&rm=3	Carbon Fiber Composite	Clutch Plate	10% OFF	1400	OEM Standard	22
175	automotive-spares	https://tse3.mm.bing.net/th/id/OIP.gbiflQ1cjIEWqq8RK_AuugHaJQ?rs=1&pid=ImgDetMain&o=7&rm=3	Aluminum Alloy	Fuel Pump	9% OFF	950	High Pressure Rated	48
176	automotive-spares	https://m.media-amazon.com/images/I/71plzriWk8L._AC_SL1500_.jpg	Natural Rubber	Windshield Wiper Blade	13% OFF	1100	Durable Rubber Grade	55
177	automotive-spares	https://tse2.mm.bing.net/th/id/OIP.bY9Kp6KmZX_wQsgGk-DAhQHaE8?rs=1&pid=ImgDetMain&o=7&rm=3	Reinforced Rubber	Timing Belt	12% OFF	1200	Engine Grade	38
178	automotive-spares	https://d36dbl6v34yjc1.cloudfront.net/eyJidWNrZXQiOiJwcm9kdWN0LWltYWdlcy1zaGFyZWQtMjAyMjA5MTUxMjM4MzI1Njk4MDAwMDAwMDEiLCJrZXkiOiJyYWNrXC81MTQyLXAwNC0xNDUyeDE0MzctdDU0OG5jNnc2a2EyZnhmZWt2Zmt2Y2YzeW5nLmpwZyIsImVkaXRzIjp7IndlYnAiOnRydWUsImpwZWciOnRydWUsInJlc2l6ZSI6eyJ3aWR0aCI6ODgwLCJoZWlnaHQiOjg4MCwiZml0IjoiaW5zaWRlIn19fQ==	Forged Steel	Steering Rack	10% OFF	1350	OEM Certified	30
179	automotive-spares	https://as1.ftcdn.net/v2/jpg/08/11/69/44/1000_F_811694456_beVMos5JYHF0Ev5174x8oK5g0nhcHsz7.jpg	Aluminum Housing	Alternator	16% OFF	2200	Factory Grade	26
180	automotive-spares	https://images-na.ssl-images-amazon.com/images/I/715GWIe2-qL.jpg	ABS Plastic + Steel Motor	Radiator Fan	8% OFF	700	Heat Resistant	65
181	automotive-spares	https://tse4.mm.bing.net/th/id/OIP.ekpzLRwldeD5LLjfxrAmqwHaGP?rs=1&pid=ImgDetMain&o=7&rm=3	Copper Winding + Steel Body	Starter Motor	11% OFF	1600	Industrial Grade	29
182	bags-luggages	https://images.stockx.com/images/Rimowa-Original-Cabin-Emerald-Green.jpg?fit=fill&bg=FFFFFF&w=1200&h=857&q=60&dpr=1&trim=color&trimcolor=ffffff&updated_at=1729107552	Polycarbonate	Cabin Carry-On Suitcase	10% OFF	3200	Travel Grade	30
183	bags-luggages	https://tse1.mm.bing.net/th/id/OIP.EhqFUCWpxELh2F_XAKfNxwHaHa?w=2000&h=2000&rs=1&pid=ImgDetMain&o=7&rm=3	ABS Plastic	Large Check-In Luggage	12% OFF	4800	Premium Quality	22
184	bags-luggages	https://m.media-amazon.com/images/I/8170JDd3YyL._AC_SX522_.jpg	Nylon Fabric	Rolling Duffel Travel Bag	8% OFF	2600	Durable Grade	40
185	bags-luggages	https://i.pinimg.com/originals/ba/88/1a/ba881ac7b68efd6d4078b0970063bc69.png	Canvas	Weekend Travel Duffel	9% OFF	2100	Travel Quality	35
186	bags-luggages	https://tse2.mm.bing.net/th/id/OIP._2s-OKfhpEnRZtcQmF53-AAAAA?rs=1&pid=ImgDetMain&o=7&rm=3	Polycarbonate	Lightweight Cabin Trolley	11% OFF	3000	Premium Grade	27
187	bags-luggages	https://i5.walmartimages.com/asr/5dc93590-9047-488c-b078-0e1e3597e8cc.40679f53876863c9916c21d8163a77a8.jpeg	Waterproof Nylon	Waterproof Travel Backpack	7% OFF	1800	Outdoor Grade	50
188	bags-luggages	https://tse2.mm.bing.net/th/id/OIP.iiHUWpIFtJq5Sp8in-xEjAHaJ4?rs=1&pid=ImgDetMain&o=7&rm=3	ABS + PC	Hard Shell Spinner Luggage	13% OFF	4200	Impact Resistant	24
189	bags-luggages	https://tse3.mm.bing.net/th/id/OIP.uhgeZz-KEnIvVX8VMgZp8AHaIl?rs=1&pid=ImgDetMain&o=7&rm=3	Ballistic Nylon	Compact Business Carry-On	10% OFF	3500	Executive Grade	33
190	bags-luggages	https://m.media-amazon.com/images/I/71ZjqZt0uDL._AC_SL1500_.jpg	Polycarbonate	Expandable Travel Suitcase	14% OFF	4600	Premium Travel Grade	29
191	bags-luggages	https://tse4.mm.bing.net/th/id/OIP.F-kqnUbsdE9z1hElFX0CgQHaGQ?rs=1&pid=ImgDetMain&o=7&rm=3	Genuine Leather	Leather Weekend Travel Bag	15% OFF	5200	Luxury Grade	18
192	bags-luggages	https://tse2.mm.bing.net/th/id/OIP.7v29iW6iOVmXXkZz0UEW-gHaHa?rs=1&pid=ImgDetMain&o=7&rm=3	Polyester	Multi-Pocket Travel Backpack	6% OFF	1700	Travel Ready	60
193	bags-luggages	https://cdn.media.amplience.net/i/primark/991122809212_04	ABS Plastic	Anti-Scratch Hard Case Luggage	9% OFF	3900	Impact Resistant	25
194	bags-luggages	https://img.lazcdn.com/g/p/b8facf69ca5e45bd63daaef4af91948b.jpg_720x720q80.jpg	Polypropylene	Ultra-Light Travel Suitcase	12% OFF	3400	Lightweight Grade	31
195	bags-luggages	https://img.drz.lazcdn.com/static/bd/p/d63c31ef5305799080e81cc105397809.png_720x720q80.png	Polycarbonate	TSA Lock Travel Trolley	10% OFF	4100	Secure Travel Grade	28
196	bags-luggages	https://m.media-amazon.com/images/I/61jAq84kGbL.jpg	Ripstop Nylon	Large Expedition Travel Bag	8% OFF	2900	Outdoor Grade	34
197	bags-luggages	https://5.imimg.com/data5/SELLER/Default/2024/8/440457626/BL/YU/UO/86276057/american-tourister-kross-plus-spinner-trolley-bag-500x500.jpeg	Polycarbonate	Premium Spinner Trolley Bag	13% OFF	4500	Luxury Travel Grade	20
198	watches	https://img.everywatch.com/media/2023/07/08/rolex-submariner-date-126610lv6002126.webp	Stainless Steel	Rolex Submariner	10% OFF	95000	Luxury Grade	15
199	watches	https://tse2.mm.bing.net/th/id/OIP.vmD_szzhq1Q2qWuQ_vTTpgHaEK?w=1037&h=582&rs=1&pid=ImgDetMain&o=7&rm=3	Stainless Steel	Omega Seamaster	12% OFF	87000	Luxury Grade	18
200	watches	https://tse1.mm.bing.net/th/id/OIP.t5fofMDLzX4mqSVHaxWXqgHaHa?rs=1&pid=ImgDetMain&o=7&rm=3	Resin	Casio G-Shock GA2100	8% OFF	9500	Sport Grade	40
201	watches	https://tse4.mm.bing.net/th/id/OIP.ehR5Vn9Hzojc3zb2DOggagHaHa?rs=1&pid=ImgDetMain&o=7&rm=3	Stainless Steel	Seiko Presage Automatic	9% OFF	32000	Premium Grade	22
202	watches	https://m.media-amazon.com/images/I/61dr9Zs7PNL.jpg	Titanium	Titan Edge	11% OFF	15000	Premium Grade	35
203	watches	https://i5.walmartimages.com/asr/9a3c9fd1-3bcf-486a-9f76-b575b0f6eaa5_2.44b82bba8f76929e2c2545f9f3fecce8.jpeg	Brass	Timex Expedition	7% OFF	6200	Outdoor Grade	50
204	watches	https://www.uhrenschmuck24.ch/media/catalog/product/img/1/image/1080x1080/c/i/citizen-promaster-marine-diver-eco-drive-4974374284235-157356154047.jpg	Stainless Steel	Citizen Eco-Drive Promaster	10% OFF	27000	Premium Grade	20
205	watches	https://tse2.mm.bing.net/th/id/OIP.azvR5Uz6njN-OA2WWb-MlgHaHa?rs=1&pid=ImgDetMain&o=7&rm=3	Stainless Steel	Tissot PRX Quartz	13% OFF	42000	Luxury Grade	24
206	watches	https://monochrome-watches.com/wp-content/uploads/2018/02/TAG-Heuer-Carrera-Heuer-02-Manufacture-43mm-1.jpg	Stainless Steel	Tag Heuer Carrera	14% OFF	115000	Luxury Grade	12
207	watches	https://tse3.mm.bing.net/th/id/OIP.uEICmeFFiUwUKLI8AujvgAHaHa?rs=1&pid=ImgDetMain&o=7&rm=3	Stainless Steel	Daniel Wellington Classic	6% OFF	9000	Fashion Grade	38
208	watches	https://tse4.mm.bing.net/th/id/OIP.QDV_6bAnvvJTWpJhXcQaAAHaHa?rs=1&pid=ImgDetMain&o=7&rm=3	Stainless Steel	Fossil Grant Chronograph	9% OFF	12000	Premium Grade	33
209	watches	https://watchesprime.com/wp-content/uploads/2023/12/ar60055-emporio-armani-watch-meccanico-men-black-dial-stainless-steel-metal-silver-strap-automatic-analog-renato_2.webp	Stainless Steel	Emporio Armani Renato	10% OFF	18000	Fashion Grade	26
210	watches	https://tse2.mm.bing.net/th/id/OIP.qALvn8CSJjE3sDyKyTLAewHaI6?rs=1&pid=ImgDetMain&o=7&rm=3	Gold Tone Steel	Michael Kors Lexington	11% OFF	21000	Fashion Grade	19
211	watches	https://tse4.mm.bing.net/th/id/OIP.G_A855sJ7X2Up_MzAFW42wHaHa?w=800&h=800&rs=1&pid=ImgDetMain&o=7&rm=3	Aluminum	Skagen Falster Smartwatch	12% OFF	25000	Smart Tech	21
212	watches	https://slimages.macysassets.com/is/image/MCY/products/3/optimized/19716943_fpx.tif?$filterlrg$&wid=327	Stainless Steel	Diesel Mega Chief	8% OFF	19000	Fashion Grade	28
213	watches	https://tse2.mm.bing.net/th/id/OIP.l84ba-HKCISBq68M9IZoLgHaMM?rs=1&pid=ImgDetMain&o=7&rm=3	Stainless Steel	Guess Frontier	9% OFF	14000	Fashion Grade	30
\.


--
-- Data for Name: product_sizes; Type: TABLE DATA; Schema: public; Owner: postgres
--

COPY public.product_sizes (product_id, sizes) FROM stdin;
102	6
102	7
102	8
102	9
102	10
103	7
103	8
103	9
103	10
104	6
104	7
104	8
104	9
105	6
105	7
105	8
105	9
106	6
106	7
106	8
106	9
106	10
107	7
107	8
107	9
107	10
108	5
108	6
108	7
108	8
109	5
109	6
109	7
109	8
110	5
110	6
110	7
110	8
111	6
111	7
111	8
111	9
112	7
112	8
112	9
112	10
113	7
113	8
113	9
113	10
114	7
114	8
114	9
114	10
115	6
115	7
115	8
115	9
115	10
116	6
116	7
116	8
116	9
117	7
117	8
117	9
117	10
118	6
118	7
118	8
118	9
118	10
119	7
119	8
119	9
119	10
120	6
120	7
120	8
120	9
121	6
121	7
121	8
121	9
122	6
122	7
122	8
122	9
122	10
123	7
123	8
123	9
123	10
124	5
124	6
124	7
124	8
125	5
125	6
125	7
125	8
126	5
126	6
126	7
126	8
127	6
127	7
127	8
127	9
128	7
128	8
128	9
128	10
129	7
129	8
129	9
129	10
130	7
130	8
130	9
130	10
131	6
131	7
131	8
131	9
131	10
132	6
132	7
132	8
132	9
133	7
133	8
133	9
133	10
134	Pocket Edition
134	Standard Edition
134	Collector Edition
135	Pocket Edition
135	Standard Edition
136	Standard Edition
136	Collector Edition
137	Pocket Edition
137	Standard Edition
138	Pocket Edition
138	Standard Edition
139	Standard Edition
139	Collector Edition
140	Standard Edition
140	Illustrated Edition
141	Standard Edition
141	Collector Edition
142	Pocket Edition
142	Standard Edition
143	Pocket Edition
143	Standard Edition
144	Standard Edition
144	Illustrated Edition
145	Standard Edition
145	Collector Edition
146	Standard Edition
146	Collector Edition
147	Pocket Edition
147	Standard Edition
148	Standard Edition
148	Collector Edition
149	Standard Edition
149	Illustrated Edition
150	30ml
150	50ml
151	25ml
151	40ml
152	50ml
152	100ml
153	40ml
153	80ml
154	10g
154	20g
155	20ml
155	30ml
156	50ml
156	100ml
157	5g
157	10g
158	12g
158	18g
159	100ml
159	150ml
160	3g
160	5g
161	50g
161	100g
162	30ml
162	50ml
163	40ml
163	60ml
164	50ml
164	120ml
165	20ml
165	30ml
166	Front Set
166	Rear Set
167	Small Engine
167	Large Engine
168	18mm
168	22mm
169	Front
169	Rear
170	10mm Thread
170	14mm Thread
171	45Ah
171	60Ah
172	Small Engine
172	SUV Engine
173	H4
173	H7
174	180mm
174	200mm
175	Inline
175	In-Tank
176	16 inch
176	20 inch
177	100 Teeth
177	120 Teeth
178	Compact Car
178	SUV
179	90A
179	120A
180	10 inch
180	12 inch
181	1.2kW
181	1.5kW
182	20 inch
182	22 inch
183	26 inch
183	28 inch
184	Medium
184	Large
185	40L
185	50L
186	20 inch
186	24 inch
187	25L
187	35L
188	24 inch
188	28 inch
189	18 inch
189	20 inch
190	26 inch
190	30 inch
191	40L
191	55L
192	30L
192	40L
193	22 inch
193	26 inch
194	20 inch
194	24 inch
195	24 inch
195	28 inch
196	60L
196	80L
197	22 inch
197	26 inch
198	40mm
199	42mm
200	45mm
201	41mm
202	38mm
203	40mm
204	44mm
205	40mm
206	41mm
207	40mm
208	44mm
209	43mm
210	42mm
211	42mm
212	51mm
213	44mm
\.


--
-- Data for Name: product_variants; Type: TABLE DATA; Schema: public; Owner: postgres
--

COPY public.product_variants (product_id, variants) FROM stdin;
1	128GB
1	256GB
1	512GB
2	43 inch
2	50 inch
2	55 inch
3	i5/8GB/512GB
3	i7/16GB/1TB
4	Black
4	White
4	Blue
5	40mm
5	44mm
6	EOS R6
6	EOS 5D Mark IV
7	Red
7	Black
7	Blue
8	Standard
8	Digital Edition
9	27 inch
9	32 inch
10	AX1500
10	AX3000
11	Mini 2
11	Air 2S
12	RGB
12	White Backlit
13	Black
13	Blue
14	Full HD
14	4K
15	USB 3.0
15	USB-C
16	Oculus Quest 2
16	HTC Vive Pro 2
22	Teal
22	Orange
23	Brown
23	Black
24	Red
24	Blue
25	Beige
25	Navy
26	White
26	Black
27	White
27	Grey
27	Black
28	Grey
28	Black
29	Grey
29	Black
29	Navy
30	Red
30	Blue
30	Green
31	Beige
31	Black
32	Black
32	Brown
33	Grey
33	Blue
33	Black
34	Green
34	Black
35	White
35	Beige
36	Blue
36	Red
37	White
37	Black
38	English Willow
38	Kashmir Willow
40	Left Hand
40	Right Hand
41	Adult
41	Junior
42	Left Leg
42	Right Leg
43	Red
43	White
44	Men
44	Women
46	Size 5
46	Size 4
47	Men
47	Women
48	Adult
48	Junior
50	Indoor
50	Outdoor
52	Men
52	Women
53	S
53	M
53	L
54	Single Door
54	Double Door
54	Side by Side
55	20L
55	25L
55	30L
56	Front Load
56	Top Load
57	1 Ton
57	1.5 Ton
57	2 Ton
58	Handheld
58	Stick
58	Robot
59	12 Place Settings
59	14 Place Settings
60	1L
60	1.5L
60	2L
61	2 Slice
61	4 Slice
62	Single Serve
62	12 Cup
62	Espresso
63	3-in-1
63	5-in-1
63	7-in-1
64	1L
64	1.5L
64	2L
65	36 inch
65	48 inch
65	60 inch
66	Steam
66	Dry
67	RO
67	UV
67	UF
68	Single Burner
68	Double Burner
69	1200W
69	1500W
69	1800W
70	Red
70	Blue
70	Green
71	3x3
71	4x4
71	5x5
72	Small
72	Medium
72	Large
73	Pink Dress
73	Blue Dress
74	100 pcs
74	200 pcs
75	Small
75	Large
76	Blue
76	Green
77	Red
77	Black
78	53 pcs
78	100 pcs
79	Standard
79	Deluxe
80	Small
80	Medium
80	Large
81	Standard
81	Collector Edition
82	Standard
82	Glow-in-the-dark
83	50 pcs
83	100 pcs
84	Basic
84	Advanced
85	Standard
85	Deluxe
94	Pink
94	Blue
94	Green
96	Small
96	Medium
96	Large
97	Gold
97	Silver
99	6
99	7
99	8
99	9
100	5
100	6
100	7
101	Red
101	Green
101	Blue
102	Black
102	White
102	Blue
103	Black
103	Red
103	Grey
104	Brown
104	Black
105	Brown
105	Beige
106	Blue
106	Black
106	Green
107	Black
107	Brown
108	Red
108	Black
108	Gold
109	Beige
109	Black
110	Pink
110	Black
111	White
111	Blue
112	Brown
112	Tan
113	Black
113	Brown
114	Black
114	Dark Brown
115	Black
115	Blue
116	Brown
116	Beige
117	Brown
117	Tan
118	Black
118	White
118	Blue
119	Black
119	Red
119	Grey
120	Brown
120	Black
121	Brown
121	Beige
122	Blue
122	Black
122	Green
123	Black
123	Brown
124	Red
124	Black
124	Gold
125	Beige
125	Black
126	Pink
126	Black
127	White
127	Blue
128	Brown
128	Tan
129	Black
129	Brown
130	Black
130	Dark Brown
131	Black
131	Blue
132	Brown
132	Beige
133	Brown
133	Tan
134	Paperback
134	Hardcover
134	Ebook
135	Paperback
135	Hardcover
135	Ebook
136	Paperback
136	Hardcover
137	Paperback
137	Hardcover
138	Paperback
138	Hardcover
138	Ebook
139	Paperback
139	Hardcover
140	Paperback
140	Hardcover
141	Paperback
141	Hardcover
142	Paperback
142	Hardcover
142	Ebook
143	Paperback
143	Hardcover
143	Ebook
144	Paperback
144	Hardcover
144	Ebook
145	Paperback
145	Hardcover
146	Paperback
146	Hardcover
146	Ebook
147	Paperback
147	Hardcover
148	Paperback
148	Hardcover
148	Ebook
149	Paperback
149	Hardcover
150	Day Cream
150	Night Cream
151	Matte Finish
151	Dewy Finish
152	Hydrating
152	Refreshing
153	Normal Skin
153	Dry Skin
154	Gold Glow
154	Champagne Glow
155	Brightening
155	Anti-Aging
156	Oil Control
156	Acne Care
157	Original
157	Tinted
158	Matte
158	Soft Glow
159	Hydrating
159	Pore Tightening
160	Matte
160	Satin
161	Brightening
161	Detox
162	Light Coverage
162	Medium Coverage
163	Anti-Aging
163	Deep Repair
164	Cooling Gel
164	Hydrating Gel
165	Glow Finish
165	Matte Finish
166	Standard Duty
166	Heavy Duty
167	Standard Flow
167	High Performance
168	Upper Hose
168	Lower Hose
169	Gas Filled
169	Hydraulic
170	Standard
170	Performance
171	Maintenance Free
171	Standard
172	Standard Flow
172	High Flow
173	Halogen
173	LED
174	Standard
174	Heavy Duty
175	Electric
175	Mechanical
176	Standard
176	All Weather
177	Standard
177	High Durability
178	Manual
178	Power Steering
179	Standard
179	High Output
180	Single Fan
180	Dual Fan
181	Standard Start
181	High Torque
182	Hard Shell
182	Spinner Wheels
183	Expandable
183	TSA Lock
184	2 Wheel
184	4 Wheel
185	Standard
185	Water Resistant
186	Spinner
186	Expandable
187	Laptop Compartment
187	Standard
188	TSA Lock
188	Expandable
189	Laptop Sleeve
189	Spinner Wheels
190	Expandable
190	TSA Lock
191	Classic Brown
191	Black
192	USB Charging Port
192	Standard
193	Matte Finish
193	Glossy
194	Spinner Wheels
194	Expandable
195	TSA Lock
195	Anti-Theft Zip
196	Water Resistant
196	Heavy Duty
197	4 Wheel Spinner
197	Expandable
198	Black Dial
198	Blue Dial
199	Black Dial
199	Silver Dial
200	Analog-Digital
200	Shock Resistant
201	Automatic
201	Leather Strap
202	Slim Design
202	Classic Dial
203	Indiglo Light
203	Nylon Strap
204	Solar Powered
204	Water Resistant
205	Quartz Movement
205	Integrated Bracelet
206	Chronograph
206	Automatic
207	Black Strap
207	Brown Strap
208	Chronograph
208	Leather Strap
209	Black Dial
209	Blue Dial
210	Gold Dial
210	Silver Dial
211	Smartwatch
211	Touch Display
212	Chronograph
212	Oversized Dial
213	Blue Dial
213	Black Dial
\.


--
-- Data for Name: users; Type: TABLE DATA; Schema: public; Owner: postgres
--

COPY public.users (id, email, password, username) FROM stdin;
3	surya@gmail.com	12345	surya
4	Surya4@gmail.com	1234	Surya
5	Franklin6@gmail.com	123456	Franklin
6	franklinsurya4@gmail.com	1234	Franklin Surya
\.


--
-- Name: addresses_id_seq; Type: SEQUENCE SET; Schema: public; Owner: postgres
--

SELECT pg_catalog.setval('public.addresses_id_seq', 1, true);


--
-- Name: order_items_id_seq; Type: SEQUENCE SET; Schema: public; Owner: postgres
--

SELECT pg_catalog.setval('public.order_items_id_seq', 49, true);


--
-- Name: orders_id_seq; Type: SEQUENCE SET; Schema: public; Owner: postgres
--

SELECT pg_catalog.setval('public.orders_id_seq', 41, true);


--
-- Name: product_id_seq; Type: SEQUENCE SET; Schema: public; Owner: postgres
--

SELECT pg_catalog.setval('public.product_id_seq', 213, true);


--
-- Name: users_id_seq; Type: SEQUENCE SET; Schema: public; Owner: postgres
--

SELECT pg_catalog.setval('public.users_id_seq', 6, true);


--
-- Name: addresses addresses_pkey; Type: CONSTRAINT; Schema: public; Owner: postgres
--

ALTER TABLE ONLY public.addresses
    ADD CONSTRAINT addresses_pkey PRIMARY KEY (id);


--
-- Name: order_items order_items_pkey; Type: CONSTRAINT; Schema: public; Owner: postgres
--

ALTER TABLE ONLY public.order_items
    ADD CONSTRAINT order_items_pkey PRIMARY KEY (id);


--
-- Name: orders orders_pkey; Type: CONSTRAINT; Schema: public; Owner: postgres
--

ALTER TABLE ONLY public.orders
    ADD CONSTRAINT orders_pkey PRIMARY KEY (id);


--
-- Name: product product_pkey; Type: CONSTRAINT; Schema: public; Owner: postgres
--

ALTER TABLE ONLY public.product
    ADD CONSTRAINT product_pkey PRIMARY KEY (id);


--
-- Name: users users_pkey; Type: CONSTRAINT; Schema: public; Owner: postgres
--

ALTER TABLE ONLY public.users
    ADD CONSTRAINT users_pkey PRIMARY KEY (id);


--
-- Name: product_sizes fk4w69qsh5hd062xv3hqkpgpdpu; Type: FK CONSTRAINT; Schema: public; Owner: postgres
--

ALTER TABLE ONLY public.product_sizes
    ADD CONSTRAINT fk4w69qsh5hd062xv3hqkpgpdpu FOREIGN KEY (product_id) REFERENCES public.product(id);


--
-- Name: order_items fkbioxgbv59vetrxe0ejfubep1w; Type: FK CONSTRAINT; Schema: public; Owner: postgres
--

ALTER TABLE ONLY public.order_items
    ADD CONSTRAINT fkbioxgbv59vetrxe0ejfubep1w FOREIGN KEY (order_id) REFERENCES public.orders(id);


--
-- Name: product_variants fkjxq4wg24xktvlslcdyyc4nr7r; Type: FK CONSTRAINT; Schema: public; Owner: postgres
--

ALTER TABLE ONLY public.product_variants
    ADD CONSTRAINT fkjxq4wg24xktvlslcdyyc4nr7r FOREIGN KEY (product_id) REFERENCES public.product(id);


--
-- PostgreSQL database dump complete
--

\unrestrict 1pUpg093lexrujXs9b9RX5MupHoqVDmQPoaQmiof3N5WMo5VKI6mbikW6lNzCLG

