--
-- PostgreSQL database dump
--

\restrict UEPhkhyP2WsoeLmFFJpDm9EP47vZ8f9dSQMVcr3KJxIf2QkpzOAlWLKrjYafJyE

-- Dumped from database version 18.0
-- Dumped by pg_dump version 18.0

SET statement_timeout = 0;
SET lock_timeout = 0;
SET idle_in_transaction_session_timeout = 0;
SET transaction_timeout = 0;
SET client_encoding = 'UTF8';
SET standard_conforming_strings = on;
SELECT pg_catalog.set_config('search_path', '', false);
SET check_function_bodies = false;
SET xmloption = content;
SET client_min_messages = warning;
SET row_security = off;

SET default_tablespace = '';

SET default_table_access_method = heap;

--
-- Name: addresses; Type: TABLE; Schema: public; Owner: postgres
--

CREATE TABLE public.addresses (
    is_default boolean NOT NULL,
    id bigint NOT NULL,
    user_id bigint,
    city character varying(255),
    country character varying(255),
    label character varying(255),
    state character varying(255),
    street character varying(255),
    zip_code character varying(255)
);


ALTER TABLE public.addresses OWNER TO postgres;

--
-- Name: addresses_id_seq; Type: SEQUENCE; Schema: public; Owner: postgres
--

ALTER TABLE public.addresses ALTER COLUMN id ADD GENERATED BY DEFAULT AS IDENTITY (
    SEQUENCE NAME public.addresses_id_seq
    START WITH 1
    INCREMENT BY 1
    NO MINVALUE
    NO MAXVALUE
    CACHE 1
);


--
-- Name: cart_items; Type: TABLE; Schema: public; Owner: postgres
--

CREATE TABLE public.cart_items (
    quantity integer NOT NULL,
    id bigint NOT NULL,
    product_id bigint NOT NULL,
    user_id bigint NOT NULL,
    selected_color character varying(255),
    selected_size character varying(255)
);


ALTER TABLE public.cart_items OWNER TO postgres;

--
-- Name: cart_items_id_seq; Type: SEQUENCE; Schema: public; Owner: postgres
--

ALTER TABLE public.cart_items ALTER COLUMN id ADD GENERATED BY DEFAULT AS IDENTITY (
    SEQUENCE NAME public.cart_items_id_seq
    START WITH 1
    INCREMENT BY 1
    NO MINVALUE
    NO MAXVALUE
    CACHE 1
);


--
-- Name: newsletter_subscribers; Type: TABLE; Schema: public; Owner: postgres
--

CREATE TABLE public.newsletter_subscribers (
    id bigint NOT NULL,
    email character varying(255) NOT NULL,
    subscribed_at timestamp(6) without time zone NOT NULL
);


ALTER TABLE public.newsletter_subscribers OWNER TO postgres;

--
-- Name: newsletter_subscribers_id_seq; Type: SEQUENCE; Schema: public; Owner: postgres
--

ALTER TABLE public.newsletter_subscribers ALTER COLUMN id ADD GENERATED BY DEFAULT AS IDENTITY (
    SEQUENCE NAME public.newsletter_subscribers_id_seq
    START WITH 1
    INCREMENT BY 1
    NO MINVALUE
    NO MAXVALUE
    CACHE 1
);


--
-- Name: order_items; Type: TABLE; Schema: public; Owner: postgres
--

CREATE TABLE public.order_items (
    price numeric(38,2),
    quantity integer NOT NULL,
    id bigint NOT NULL,
    order_id bigint,
    product_id bigint,
    product_image character varying(255),
    product_name character varying(255),
    selected_color character varying(255),
    selected_size character varying(255)
);


ALTER TABLE public.order_items OWNER TO postgres;

--
-- Name: order_items_id_seq; Type: SEQUENCE; Schema: public; Owner: postgres
--

ALTER TABLE public.order_items ALTER COLUMN id ADD GENERATED BY DEFAULT AS IDENTITY (
    SEQUENCE NAME public.order_items_id_seq
    START WITH 1
    INCREMENT BY 1
    NO MINVALUE
    NO MAXVALUE
    CACHE 1
);


--
-- Name: orders; Type: TABLE; Schema: public; Owner: postgres
--

CREATE TABLE public.orders (
    shipping_cost numeric(38,2),
    subtotal numeric(38,2),
    tax numeric(38,2),
    total numeric(38,2),
    created_at timestamp(6) without time zone,
    delivered_at timestamp(6) without time zone,
    estimated_delivery timestamp(6) without time zone,
    id bigint NOT NULL,
    shipped_at timestamp(6) without time zone,
    updated_at timestamp(6) without time zone,
    user_id bigint NOT NULL,
    order_number character varying(255) NOT NULL,
    payment_id character varying(255),
    payment_method character varying(255),
    shipping_address character varying(255),
    shipping_city character varying(255),
    shipping_country character varying(255),
    shipping_state character varying(255),
    shipping_zip character varying(255),
    status character varying(255),
    tracking_carrier character varying(255),
    tracking_number character varying(255),
    tracking_url character varying(255),
    CONSTRAINT orders_payment_method_check CHECK (((payment_method)::text = ANY ((ARRAY['PAYPAL'::character varying, 'COD'::character varying, 'STRIPE'::character varying])::text[]))),
    CONSTRAINT orders_status_check CHECK (((status)::text = ANY ((ARRAY['PENDING'::character varying, 'CONFIRMED'::character varying, 'PROCESSING'::character varying, 'SHIPPED'::character varying, 'OUT_FOR_DELIVERY'::character varying, 'DELIVERED'::character varying, 'CANCELLED'::character varying, 'RETURNED'::character varying])::text[])))
);


ALTER TABLE public.orders OWNER TO postgres;

--
-- Name: orders_id_seq; Type: SEQUENCE; Schema: public; Owner: postgres
--

ALTER TABLE public.orders ALTER COLUMN id ADD GENERATED BY DEFAULT AS IDENTITY (
    SEQUENCE NAME public.orders_id_seq
    START WITH 1
    INCREMENT BY 1
    NO MINVALUE
    NO MAXVALUE
    CACHE 1
);


--
-- Name: product_images; Type: TABLE; Schema: public; Owner: postgres
--

CREATE TABLE public.product_images (
    product_id bigint NOT NULL,
    image_url character varying(255)
);


ALTER TABLE public.product_images OWNER TO postgres;

--
-- Name: product_tags; Type: TABLE; Schema: public; Owner: postgres
--

CREATE TABLE public.product_tags (
    product_id bigint NOT NULL,
    tag character varying(255)
);


ALTER TABLE public.product_tags OWNER TO postgres;

--
-- Name: products; Type: TABLE; Schema: public; Owner: postgres
--

CREATE TABLE public.products (
    active boolean NOT NULL,
    featured boolean NOT NULL,
    original_price numeric(38,2),
    price numeric(38,2),
    rating double precision NOT NULL,
    review_count integer NOT NULL,
    stock integer NOT NULL,
    created_at timestamp(6) without time zone,
    id bigint NOT NULL,
    brand character varying(255),
    category character varying(255),
    description text,
    image_url character varying(255),
    name character varying(255) NOT NULL,
    price_drop_date timestamp(6) without time zone,
    price_drop_expiry timestamp(6) without time zone,
    updated_at timestamp(6) without time zone
);


ALTER TABLE public.products OWNER TO postgres;

--
-- Name: products_id_seq; Type: SEQUENCE; Schema: public; Owner: postgres
--

ALTER TABLE public.products ALTER COLUMN id ADD GENERATED BY DEFAULT AS IDENTITY (
    SEQUENCE NAME public.products_id_seq
    START WITH 1
    INCREMENT BY 1
    NO MINVALUE
    NO MAXVALUE
    CACHE 1
);


--
-- Name: push_subscriptions; Type: TABLE; Schema: public; Owner: postgres
--

CREATE TABLE public.push_subscriptions (
    id bigint NOT NULL,
    active boolean NOT NULL,
    auth_key character varying(255) NOT NULL,
    created_at timestamp(6) without time zone,
    endpoint character varying(255) NOT NULL,
    ip_address character varying(255),
    last_used_at timestamp(6) without time zone,
    p256dh_key character varying(255) NOT NULL,
    user_agent character varying(255),
    user_id bigint NOT NULL
);


ALTER TABLE public.push_subscriptions OWNER TO postgres;

--
-- Name: push_subscriptions_id_seq; Type: SEQUENCE; Schema: public; Owner: postgres
--

ALTER TABLE public.push_subscriptions ALTER COLUMN id ADD GENERATED BY DEFAULT AS IDENTITY (
    SEQUENCE NAME public.push_subscriptions_id_seq
    START WITH 1
    INCREMENT BY 1
    NO MINVALUE
    NO MAXVALUE
    CACHE 1
);


--
-- Name: reviews; Type: TABLE; Schema: public; Owner: postgres
--

CREATE TABLE public.reviews (
    rating integer NOT NULL,
    created_at timestamp(6) without time zone,
    id bigint NOT NULL,
    product_id bigint,
    user_id bigint,
    comment text,
    user_name character varying(255)
);


ALTER TABLE public.reviews OWNER TO postgres;

--
-- Name: reviews_id_seq; Type: SEQUENCE; Schema: public; Owner: postgres
--

ALTER TABLE public.reviews ALTER COLUMN id ADD GENERATED BY DEFAULT AS IDENTITY (
    SEQUENCE NAME public.reviews_id_seq
    START WITH 1
    INCREMENT BY 1
    NO MINVALUE
    NO MAXVALUE
    CACHE 1
);


--
-- Name: tracking_events; Type: TABLE; Schema: public; Owner: postgres
--

CREATE TABLE public.tracking_events (
    id bigint NOT NULL,
    order_id bigint,
    "timestamp" timestamp(6) without time zone,
    description character varying(255),
    location character varying(255),
    status character varying(255)
);


ALTER TABLE public.tracking_events OWNER TO postgres;

--
-- Name: tracking_events_id_seq; Type: SEQUENCE; Schema: public; Owner: postgres
--

ALTER TABLE public.tracking_events ALTER COLUMN id ADD GENERATED BY DEFAULT AS IDENTITY (
    SEQUENCE NAME public.tracking_events_id_seq
    START WITH 1
    INCREMENT BY 1
    NO MINVALUE
    NO MAXVALUE
    CACHE 1
);


--
-- Name: users; Type: TABLE; Schema: public; Owner: postgres
--

CREATE TABLE public.users (
    email_notifications boolean NOT NULL,
    push_notifications boolean NOT NULL,
    created_at timestamp(6) without time zone,
    id bigint NOT NULL,
    updated_at timestamp(6) without time zone,
    avatar_url character varying(255),
    email character varying(255) NOT NULL,
    full_name character varying(255) NOT NULL,
    language character varying(255),
    password character varying(255) NOT NULL,
    phone character varying(255),
    role character varying(255),
    theme character varying(255),
    CONSTRAINT users_role_check CHECK (((role)::text = ANY ((ARRAY['CUSTOMER'::character varying, 'ADMIN'::character varying])::text[])))
);


ALTER TABLE public.users OWNER TO postgres;

--
-- Name: users_id_seq; Type: SEQUENCE; Schema: public; Owner: postgres
--

ALTER TABLE public.users ALTER COLUMN id ADD GENERATED BY DEFAULT AS IDENTITY (
    SEQUENCE NAME public.users_id_seq
    START WITH 1
    INCREMENT BY 1
    NO MINVALUE
    NO MAXVALUE
    CACHE 1
);


--
-- Data for Name: addresses; Type: TABLE DATA; Schema: public; Owner: postgres
--

COPY public.addresses (is_default, id, user_id, city, country, label, state, street, zip_code) FROM stdin;
\.


--
-- Data for Name: cart_items; Type: TABLE DATA; Schema: public; Owner: postgres
--

COPY public.cart_items (quantity, id, product_id, user_id, selected_color, selected_size) FROM stdin;
\.


--
-- Data for Name: newsletter_subscribers; Type: TABLE DATA; Schema: public; Owner: postgres
--

COPY public.newsletter_subscribers (id, email, subscribed_at) FROM stdin;
1	franklinsurya4@gmail.com	2026-04-01 11:27:22.181299
\.


--
-- Data for Name: order_items; Type: TABLE DATA; Schema: public; Owner: postgres
--

COPY public.order_items (price, quantity, id, order_id, product_id, product_image, product_name, selected_color, selected_size) FROM stdin;
249.99	1	25	16	17	https://images.unsplash.com/photo-1505740420928-5e560c06d30e?w=600	Wireless Noise-Canceling Headphones	\N	\N
249.99	1	26	17	17	https://images.unsplash.com/photo-1505740420928-5e560c06d30e?w=600	Wireless Noise-Canceling Headphones	\N	\N
29.99	1	27	18	25	https://images.unsplash.com/photo-1591815302525-756a9bcc3425?w=600	Wireless Charging Pad	\N	\N
34.99	1	28	19	38	https://images.unsplash.com/photo-1576871337622-98d48d1cf531?w=600	Wool Beanie	\N	\N
59.99	1	29	20	39	https://images.unsplash.com/photo-1473966968600-fa801b869a1a?w=600	Slim Fit Chino Pants	\N	\N
69.99	1	30	21	20	https://images.unsplash.com/photo-1608043152269-423dbba4e7e1?w=600	Portable Bluetooth Speaker	\N	\N
95.00	1	31	22	44	https://images.unsplash.com/photo-1591047139829-d91aecb6caea?w=600	Waterproof Rain Jacket	\N	\N
199.99	1	32	23	19	https://images.unsplash.com/photo-1523275335684-37898b6baf30?w=600	Smart Fitness Watch	\N	\N
24.99	1	33	24	26	https://images.unsplash.com/photo-1558618666-fcd25c85f82e?w=600	Smart LED Light Strip 5m	\N	\N
79.99	1	34	25	36	https://images.unsplash.com/photo-1513364776144-60967b0f800f?w=600	Digital Photo Frame 10 inch	\N	\N
44.99	1	35	26	108	https://images.unsplash.com/photo-1585336261022-680e295ce3fe?w=600	Fountain Pen Set	\N	\N
58.00	1	36	27	50	https://images.unsplash.com/photo-1602810318383-e386cc2a3ccf?w=600	Oxford Button-Down Shirt	\N	\N
69.99	1	37	28	20	https://images.unsplash.com/photo-1608043152269-423dbba4e7e1?w=600	Portable Bluetooth Speaker	\N	\N
\.


--
-- Data for Name: orders; Type: TABLE DATA; Schema: public; Owner: postgres
--

COPY public.orders (shipping_cost, subtotal, tax, total, created_at, delivered_at, estimated_delivery, id, shipped_at, updated_at, user_id, order_number, payment_id, payment_method, shipping_address, shipping_city, shipping_country, shipping_state, shipping_zip, status, tracking_carrier, tracking_number, tracking_url) FROM stdin;
5.99	29.99	2.40	38.38	2026-03-31 09:00:23.171466	\N	2026-04-05 09:00:23.171466	18	2026-03-31 09:01:36.261067	2026-03-31 09:01:36.283147	5	ORD-64DB0D27	\N	COD	South Street,T.Sindalai Cherry,Theni(dt).	THENI DISTRICT	India	TAMIL NADU	625513	SHIPPED	\N	TRK-6A13BADA-F	\N
0.00	249.99	20.00	269.99	2026-03-31 08:53:13.973963	2026-03-31 09:01:47.287025	2026-04-05 08:53:13.972969	16	2026-03-31 09:00:03.380346	2026-03-31 09:01:47.301124	5	ORD-9983F8AD	\N	COD	South Street,T.Sindalai Cherry,Theni(dt).	THENI DISTRICT	India	TAMIL NADU	625513	DELIVERED	\N	TRK-A1A007BC-9	\N
0.00	59.99	4.80	64.79	2026-03-31 09:00:55.754763	\N	2026-04-05 09:00:55.754114	20	2026-03-31 09:01:24.048255	2026-03-31 09:01:57.732464	5	ORD-321DE497	\N	COD	South Street,T.Sindalai Cherry,Theni(dt).	THENI DISTRICT	India	TAMIL NADU	625513	OUT_FOR_DELIVERY	\N	TRK-8207B196-D	\N
0.00	69.99	5.60	75.59	2026-03-31 09:02:30.544731	\N	2026-04-05 09:02:30.544731	21	\N	\N	5	ORD-1E9EB931	\N	COD	South Street,T.Sindalai Cherry,Theni(dt).	THENI DISTRICT	India	TAMIL NADU	625513	CONFIRMED	\N	TRK-B9B0295D-B	\N
0.00	95.00	7.60	102.60	2026-03-31 09:02:47.900074	\N	2026-04-05 09:02:47.900074	22	\N	\N	5	ORD-C7146ADB	\N	COD	South Street,T.Sindalai Cherry,Theni(dt).	THENI DISTRICT	India	TAMIL NADU	625513	CONFIRMED	\N	TRK-2C60E4A2-2	\N
0.00	199.99	16.00	215.99	2026-03-31 10:07:03.847981	\N	2026-04-05 10:07:03.843985	23	\N	\N	5	ORD-C52EEE82	\N	COD	South Street,T.Sindalai Cherry,Theni(dt).	THENI DISTRICT	India	TAMIL NADU	625513	CONFIRMED	\N	TRK-D61343AE-4	\N
5.99	24.99	2.00	32.98	2026-03-31 11:44:24.913925	\N	2026-04-05 11:44:24.912393	24	\N	\N	5	ORD-A961FF62	\N	COD	South Street,T.Sindalai Cherry,Theni(dt).	THENI DISTRICT	India	TAMIL NADU	625513	CONFIRMED	\N	TRK-5A3B3348-D	\N
0.00	79.99	6.40	86.39	2026-03-31 11:44:52.847161	\N	2026-04-05 11:44:52.847161	25	\N	\N	5	ORD-BEC4FC88	\N	COD	South Street,T.Sindalai Cherry,Theni(dt).	THENI DISTRICT	India	TAMIL NADU	625513	CONFIRMED	\N	TRK-BE81824C-0	\N
5.99	44.99	3.60	54.58	2026-03-31 17:42:33.286614	\N	2026-04-05 17:42:33.286614	26	\N	\N	5	ORD-B1EF7F8C	\N	COD	South Street,T.Sindalai Cherry,Theni(dt).	THENI DISTRICT	India	TAMIL NADU	625513	CONFIRMED	\N	TRK-E424869B-C	\N
0.00	249.99	20.00	269.99	2026-03-31 08:59:56.991621	2026-03-31 09:01:17.133327	2026-04-05 08:59:56.987668	17	\N	2026-03-31 09:01:17.15747	5	ORD-59A1B315	\N	COD	South Street,T.Sindalai Cherry,Theni(dt).	THENI DISTRICT	India	TAMIL NADU	625513	DELIVERED	\N	TRK-D4CEA599-8	\N
5.99	34.99	2.80	43.78	2026-03-31 09:00:41.706083	\N	2026-04-05 09:00:41.706083	19	2026-03-31 09:01:33.353731	2026-03-31 09:01:33.372812	5	ORD-56606CD6	\N	COD	South Street,T.Sindalai Cherry,Theni(dt).	THENI DISTRICT	India	TAMIL NADU	625513	SHIPPED	\N	TRK-9175C0BD-E	\N
0.00	58.00	4.64	62.64	2026-03-31 17:43:43.41142	\N	2026-04-05 17:43:43.41142	27	\N	\N	5	ORD-A601CFF4	\N	COD	South Street,T.Sindalai Cherry,Theni(dt).	THENI DISTRICT	India	TAMIL NADU	625513	CONFIRMED	\N	TRK-E3DCC0AB-D	\N
0.00	69.99	5.60	75.59	2026-03-31 19:47:17.609844	\N	2026-04-05 19:47:17.609844	28	\N	\N	5	ORD-C3BB1762	\N	COD	South Street,T.Sindalai Cherry,Theni(dt).	THENI DISTRICT	India	TAMIL NADU	625513	CONFIRMED	\N	TRK-A6F703BF-C	\N
\.


--
-- Data for Name: product_images; Type: TABLE DATA; Schema: public; Owner: postgres
--

COPY public.product_images (product_id, image_url) FROM stdin;
\.


--
-- Data for Name: product_tags; Type: TABLE DATA; Schema: public; Owner: postgres
--

COPY public.product_tags (product_id, tag) FROM stdin;
17	audio
17	wireless
17	premium
18	keyboard
18	gaming
18	mechanical
19	fitness
19	smartwatch
19	health
20	speaker
20	bluetooth
20	portable
21	webcam
21	streaming
21	work
22	earbuds
22	wireless
22	anc
23	usb-c
23	hub
23	productivity
24	powerbank
24	charging
24	travel
25	wireless
25	charging
25	qi
26	led
26	smart-home
26	rgb
27	mouse
27	gaming
27	wireless
28	earbuds
28	anc
28	compact
29	stand
29	tablet
29	ergonomic
30	projector
30	portable
30	entertainment
31	numpad
31	mechanical
31	wireless
32	smart-plug
32	wifi
32	automation
33	ereader
33	reading
33	e-ink
34	dashcam
34	car
34	safety
35	microphone
35	streaming
35	podcast
36	photo-frame
36	wifi
36	digital
37	organic
37	casual
37	cotton
38	wool
38	winter
38	accessories
39	pants
39	slim-fit
39	casual
40	linen
40	summer
40	shirt
41	denim
41	jacket
41	classic
42	athletic
42	gym
42	moisture-wicking
43	cashmere
43	luxury
43	winter
44	rain
44	waterproof
44	outdoor
45	socks
45	cotton
45	essentials
46	fleece
46	vest
46	outdoor
47	graphic
47	tee
47	organic
48	joggers
48	cargo
48	casual
49	puffer
49	down
49	lightweight
50	oxford
50	shirt
50	classic
51	swim
51	quick-dry
51	summer
52	running
52	lightweight
52	sport
53	boots
53	leather
53	classic
54	sneakers
54	canvas
54	casual
55	hiking
55	waterproof
55	outdoor
56	loafers
56	leather
56	formal
57	comfort
57	slip-on
57	everyday
58	sandals
58	sport
58	summer
59	basketball
59	high-top
59	performance
60	suede
60	boots
60	desert
61	sneakers
61	white
61	minimalist
62	leather
62	travel
62	premium
63	backpack
63	canvas
63	everyday
64	crossbody
64	sling
64	compact
65	wallet
65	leather
65	rfid
66	messenger
66	laptop
66	professional
67	toiletry
67	travel
67	organizer
68	sunglasses
68	polarized
68	uv
69	watch
69	minimalist
69	leather
70	belt
70	leather
70	essential
71	tote
71	canvas
71	everyday
72	desk
72	office
72	led
73	linen
73	home
73	cozy
74	diffuser
74	aromatherapy
74	relaxation
75	desk
75	ergonomic
75	bamboo
76	candles
76	soy
76	scented
77	planter
77	ceramic
77	decor
78	clock
78	minimalist
78	wall
79	towels
79	cotton
79	bath
80	shelves
80	floating
80	wood
81	pillows
81	velvet
81	decor
82	organizer
82	desk
82	wood
83	herbs
83	garden
83	indoor
84	weighted
84	blanket
84	sleep
85	essential-oils
85	aromatherapy
85	natural
86	thermostat
86	smart-home
86	energy
87	coffee
87	ceramic
87	handmade
88	knife
88	japanese
88	cooking
89	cast-iron
89	skillet
89	cooking
90	kettle
90	coffee
90	gooseneck
91	cutting-board
91	bamboo
91	kitchen
92	french-press
92	coffee
92	glass
93	bowls
93	stainless
93	baking
94	utensils
94	silicone
94	cooking
95	bottle
95	insulated
95	hydration
96	espresso
96	machine
96	coffee
97	protein
97	vegan
97	fitness
98	yoga
98	mat
98	fitness
99	resistance
99	bands
99	workout
100	foam-roller
100	recovery
100	massage
101	jump-rope
101	cardio
101	fitness
102	dumbbells
102	adjustable
102	strength
103	massage
103	percussion
103	recovery
104	gym-bag
104	duffle
104	fitness
105	vitamins
105	supplements
105	daily
106	scale
106	smart
106	body-composition
107	journal
107	leather
107	writing
108	fountain-pen
108	writing
108	gift
109	sketchbook
109	art
109	drawing
110	notepad
110	desk
110	writing
111	colored-pencils
111	art
111	drawing
112	hammock
112	camping
112	outdoor
113	cooler
113	insulated
113	picnic
114	headlamp
114	camping
114	rechargeable
115	packing-cubes
115	travel
115	organization
116	chair
116	camping
116	portable
119	headphones
119	noise-cancelling
119	wireless
119	bluetooth
120	headphones
120	noise-cancelling
120	wireless
120	bluetooth
\.


--
-- Data for Name: products; Type: TABLE DATA; Schema: public; Owner: postgres
--

COPY public.products (active, featured, original_price, price, rating, review_count, stock, created_at, id, brand, category, description, image_url, name, price_drop_date, price_drop_expiry, updated_at) FROM stdin;
t	t	229.99	179.99	4.7	389	60	2026-03-29 08:27:04.371481	22	SoundCore	Electronics	True wireless earbuds with active noise cancellation, transparency mode, spatial audio, and 30-hour total battery with case.	https://images.unsplash.com/photo-1590658268037-6bf12f032f55?w=600	Wireless Earbuds Pro	\N	\N	\N
t	t	279.99	199.99	4	313	39	2026-03-29 08:27:04.37097	19	FitPro	Electronics	Advanced fitness tracker with AMOLED display, SpO2 monitor, GPS, heart rate tracking, sleep analysis, and 14-day battery life.	https://images.unsplash.com/photo-1523275335684-37898b6baf30?w=600	Smart Fitness Watch	\N	\N	\N
t	f	89.99	69.99	4.3	224	75	2026-03-29 08:27:04.37097	20	SoundCore	Electronics	Waterproof IPX7 speaker with 360° sound. 24-hour playtime, USB-C fast charging. Pairs two speakers for stereo mode.	https://images.unsplash.com/photo-1608043152269-423dbba4e7e1?w=600	Portable Bluetooth Speaker	\N	\N	\N
t	f	109.99	79.99	4.4	98	42	2026-03-29 08:27:04.371481	23	TechHub	Electronics	13-in-1 USB-C hub with dual HDMI 4K, Ethernet, SD/microSD, 100W pass-through charging. Aluminum body with thermal vents.	https://images.unsplash.com/photo-1625842268584-8f3296236761?w=600	USB-C Docking Station	\N	\N	\N
t	t	159.99	129.99	4.6	167	23	2026-03-29 08:27:04.37097	18	KeyCraft	Electronics	Hot-swappable mechanical keyboard with RGB backlighting. Gateron Brown switches, PBT keycaps, USB-C connection, wireless via Bluetooth 5.2.	https://images.unsplash.com/photo-1595225476474-87563907a212?w=600	Mechanical Keyboard 75%	\N	\N	\N
t	f	119.99	89.99	5	143	54	2026-03-29 08:27:04.37097	21	StreamPro	Electronics	Ultra HD webcam with built-in ring light, auto-focus, and noise-canceling dual microphones. Perfect for streaming and video calls.	https://images.unsplash.com/photo-1587826080692-f439cd0b70da?w=600	4K Webcam with Ring Light	\N	\N	\N
t	t	349.99	249.99	5	257	30	2026-03-29 08:27:04.37097	17	SoundCore	Electronics	Premium over-ear headphones with adaptive noise cancellation. 40-hour battery life, memory foam cushions, and Hi-Res audio certified. Foldable design with carrying case.	https://images.unsplash.com/photo-1505740420928-5e560c06d30e?w=600	Wireless Noise-Canceling Headphones	\N	\N	\N
t	f	\N	34.99	4.5	88	90	2026-03-29 08:27:04.371481	29	ErgoLift	Electronics	Aluminum tablet and laptop stand with 360° rotation. Foldable, adjustable height and angle. Holds devices 4-13 inches.	https://images.unsplash.com/photo-1544244015-0df4b3ffc6b0?w=600	Tablet Stand Adjustable	\N	\N	\N
t	f	219.99	159.99	4.2	134	25	2026-03-29 08:27:04.371481	30	ViewMax	Electronics	Portable mini projector with native 1080P resolution. WiFi and Bluetooth, built-in speaker, 200-inch display, keystone correction.	https://images.unsplash.com/photo-1626379953822-baec19c3accd?w=600	Mini Projector 1080P	\N	\N	\N
t	f	44.99	29.99	4.4	567	180	2026-03-29 08:27:04.371481	32	SmartLife	Electronics	WiFi smart plugs with energy monitoring. Voice control via Alexa/Google, schedule timer, away mode. No hub required.	https://images.unsplash.com/photo-1558089687-f282ffcbc126?w=600	Smart Plug WiFi 4-Pack	\N	\N	\N
t	f	169.99	139.99	4.7	223	35	2026-03-29 08:27:04.371481	33	ReadView	Electronics	Glare-free 7-inch e-ink display with adjustable warm light. 32GB storage, waterproof IPX8, weeks of battery life.	https://images.unsplash.com/photo-1544716278-ca5e3f4abd8c?w=600	E-Reader 7 inch	\N	\N	\N
t	f	129.99	89.99	4.5	189	50	2026-03-29 08:27:04.371481	34	DriveSafe	Electronics	4K front dash camera with night vision, GPS logging, parking mode, 170° wide angle, loop recording, and WiFi app control.	https://images.unsplash.com/photo-1558618666-fcd25c85f82e?w=600	Dash Cam 4K	\N	\N	\N
t	f	\N	74.99	4.6	78	60	2026-03-29 08:27:04.371481	40	LinenHouse	Clothing	100% European linen shirt with mother-of-pearl buttons. Breathable, naturally wrinkled texture. Regular fit, pre-washed.	https://images.unsplash.com/photo-1596755094514-f87e34085b2c?w=600	Linen Button-Down Shirt	\N	\N	\N
t	f	\N	32.99	4.3	201	150	2026-03-29 08:27:04.371481	42	StrideMax	Clothing	Moisture-wicking athletic tee with four-way stretch. Anti-odor technology, flatlock seams, reflective logo. 6 colors.	https://images.unsplash.com/photo-1521572163474-6864f9cf17ab?w=600	Performance T-Shirt	\N	\N	\N
t	f	\N	89.99	4.8	45	35	2026-03-29 08:27:04.371481	43	Highland	Clothing	Pure cashmere scarf from Mongolia. Incredibly soft and warm. 180cm x 30cm with fringed ends. Comes in a gift box.	https://images.unsplash.com/photo-1520903920243-00d872a2d1c9?w=600	Cashmere Scarf	\N	\N	\N
t	f	\N	24.99	4.3	456	300	2026-03-29 08:27:04.371481	45	EcoWear	Clothing	Premium combed cotton socks with reinforced heel and toe. Arch support, seamless toe closure. Fits sizes 6-12.	https://images.unsplash.com/photo-1586350977771-b3b0abd50c82?w=600	Cotton Crew Socks 6-Pack	\N	\N	\N
t	f	69.99	54.99	4.4	67	70	2026-03-29 08:27:04.37251	46	TrailGuard	Clothing	Midweight fleece vest with zip pockets. Perfect layering piece for outdoor activities. Anti-pilling fabric, stand collar.	https://images.unsplash.com/photo-1559551409-dadc959f76b8?w=600	Fleece Zip Vest	\N	\N	\N
t	f	\N	38.00	4.2	55	90	2026-03-29 08:27:04.37251	47	EcoWear	Clothing	Artist collaboration graphic tee on 100% organic cotton. Oversized fit, ribbed crew neck, printed with eco-friendly water-based inks.	https://images.unsplash.com/photo-1503341504253-dff4f94032fc?w=600	Graphic Print Tee	\N	\N	\N
t	f	189.99	139.99	4.6	134	45	2026-03-29 08:27:04.37251	49	TrailGuard	Clothing	Packable down puffer jacket weighing only 350g. 700-fill duck down, water-resistant shell, chin guard. Stuffs into chest pocket.	https://images.unsplash.com/photo-1544923246-77307dd270b5?w=600	Puffer Jacket Lightweight	\N	\N	\N
t	f	79.99	59.99	4.6	198	64	2026-03-29 08:27:04.371481	27	KeyCraft	Electronics	Ultra-lightweight wireless gaming mouse at 58g. 25K DPI sensor, 70-hour battery, PTFE feet, 5 programmable buttons.	https://images.unsplash.com/photo-1527814050087-3793815479db?w=600	Gaming Mouse Wireless	\N	\N	\N
t	f	69.99	49.99	4.5	276	99	2026-03-29 08:27:04.371481	24	ChargePro	Electronics	Slim power bank with 20000mAh capacity, 65W USB-C PD fast charging. Charges laptops and phones simultaneously. LED display.	https://images.unsplash.com/photo-1609091839311-d5365f9ff1c5?w=600	Portable Power Bank 20000mAh	\N	\N	\N
t	f	139.99	99.99	4.4	156	70	2026-03-29 08:27:04.371481	28	SoundCore	Electronics	Compact ANC earbuds with 6mm drivers, IPX5 water resistance, 28-hour battery life with case. Touch controls and multi-point connection.	https://images.unsplash.com/photo-1606220588913-b3aacb4d2f46?w=600	Noise-Canceling Earbuds	\N	\N	\N
t	f	84.99	64.99	4.5	88	72	2026-03-29 08:27:04.37251	48	ModernFit	Clothing	Relaxed-fit cargo joggers with stretch waistband, six pockets, and tapered leg. Ripstop cotton blend, adjustable cuffs.	https://images.unsplash.com/photo-1552902865-b72c031ac5ea?w=600	Cargo Jogger Pants	\N	\N	\N
t	t	149.99	119.99	4.7	92	39	2026-03-29 08:27:04.371481	41	Heritage	Clothing	Heavyweight 14oz denim jacket with brass buttons. Sherpa-lined collar, two chest pockets, adjustable waist tabs. Indigo wash.	https://images.unsplash.com/photo-1551028719-00167b16eac5?w=600	Denim Jacket Classic	\N	\N	\N
t	t	85.00	68.00	4.5	89	119	2026-03-29 08:27:04.371481	37	EcoWear	Clothing	Ultra-soft organic cotton fleece hoodie. Relaxed fit with kangaroo pocket. Available in 8 colors. Machine washable, pre-shrunk.	https://images.unsplash.com/photo-1556821840-3a63f95609a7?w=600	Organic Cotton Hoodie	\N	\N	\N
t	f	\N	34.99	4.4	67	199	2026-03-29 08:27:04.371481	38	Highland	Clothing	Merino wool beanie knitted in Scotland. Naturally moisture-wicking and odor-resistant. One size fits most. Unisex design.	https://images.unsplash.com/photo-1576871337622-98d48d1cf531?w=600	Wool Beanie	\N	\N	\N
t	f	79.99	59.99	4.4	134	84	2026-03-29 08:27:04.371481	39	ModernFit	Clothing	Stretch cotton chinos with a modern slim fit. Wrinkle-resistant fabric, hidden flex waistband. Available in 6 colors.	https://images.unsplash.com/photo-1473966968600-fa801b869a1a?w=600	Slim Fit Chino Pants	\N	\N	\N
t	f	130.00	95.00	4.5	123	54	2026-03-29 08:27:04.371481	44	TrailGuard	Clothing	Lightweight, packable rain jacket with sealed seams. Adjustable hood, pit zips for ventilation. Fits in its own pocket.	https://images.unsplash.com/photo-1591047139829-d91aecb6caea?w=600	Waterproof Rain Jacket	\N	\N	\N
t	f	39.99	24.99	4.3	445	199	2026-03-29 08:27:04.371481	26	Lumière	Electronics	WiFi-enabled RGB light strip with music sync, voice control via Alexa/Google. 16 million colors, schedule timer, cuttable design.	https://images.unsplash.com/photo-1558618666-fcd25c85f82e?w=600	Smart LED Light Strip 5m	\N	\N	\N
t	f	\N	79.99	4.3	78	28	2026-03-29 08:27:04.371481	36	FrameView	Electronics	WiFi digital photo frame with touchscreen. Share photos via app from anywhere. 16GB internal storage, auto-rotate, slideshow.	https://images.unsplash.com/photo-1513364776144-60967b0f800f?w=600	Digital Photo Frame 10 inch	\N	\N	\N
t	t	199.99	159.99	4.5	178	38	2026-03-29 08:27:04.37251	52	StrideMax	Footwear	Carbon-plate running shoes weighing just 198g. Responsive ZoomX foam, engineered mesh upper, reflective details for night runs.	https://images.unsplash.com/photo-1542291026-7eec264c27ff?w=600	Ultralight Running Shoes	\N	\N	\N
t	f	249.99	189.99	4.7	67	25	2026-03-29 08:27:04.37251	53	Heritage	Footwear	Full-grain leather Chelsea boots with Goodyear welt construction. Leather sole with rubber heel cap. Pull tabs for easy wear.	https://images.unsplash.com/photo-1638247025967-b4e38f787b76?w=600	Leather Chelsea Boots	\N	\N	\N
t	f	\N	49.99	4.3	345	200	2026-03-29 08:27:04.37251	54	StreetKick	Footwear	Classic canvas sneakers with vulcanized rubber sole. Cushioned insole, metal eyelets, cotton laces. 12 color options.	https://images.unsplash.com/photo-1525966222134-fcfa99b8ae77?w=600	Canvas Sneakers Low-Top	\N	\N	\N
t	f	189.99	149.99	4.6	89	30	2026-03-29 08:27:04.37251	55	TrailGuard	Footwear	Waterproof hiking boots with Vibram outsole. Ankle support, EVA midsole cushioning, gusseted tongue. Built for tough terrain.	https://images.unsplash.com/photo-1606107557195-0e29a4b5b4aa?w=600	Trail Hiking Boots	\N	\N	\N
t	f	\N	129.99	4.5	56	35	2026-03-29 08:27:04.37251	56	Heritage	Footwear	Handcrafted leather penny loafers with Blake-stitched construction. Leather-lined interior, cushioned insole, stacked leather heel.	https://images.unsplash.com/photo-1614252369475-531eba835eb1?w=600	Leather Loafers	\N	\N	\N
t	f	79.99	59.99	4.4	234	80	2026-03-29 08:27:04.373492	57	ComfortStep	Footwear	Memory foam slip-on shoes with knit upper. Lightweight EVA sole, removable insole, machine washable. Walk-all-day comfort.	https://images.unsplash.com/photo-1491553895911-0055eca6402d?w=600	Slip-On Comfort Shoes	\N	\N	\N
t	f	\N	44.99	4.2	145	95	2026-03-29 08:27:04.373492	58	StrideMax	Footwear	Adjustable sport sandals with arch support. Quick-dry webbing straps, EVA footbed, rubber outsole. Water-friendly design.	https://images.unsplash.com/photo-1603487742131-4160ec999306?w=600	Sports Sandals	\N	\N	\N
t	f	174.99	134.99	4.5	112	40	2026-03-29 08:27:04.373492	59	StrideMax	Footwear	Performance basketball shoes with zoom air cushioning, herringbone traction pattern, padded collar. Ankle lockdown system.	https://images.unsplash.com/photo-1552346154-21d32810aba3?w=600	High-Top Basketball Shoes	\N	\N	\N
t	f	\N	109.99	4.6	45	30	2026-03-29 08:27:04.373492	60	Heritage	Footwear	Classic suede desert boots with crepe rubber sole. Unlined construction for breathability. Two-eyelet lacing. British heritage design.	https://images.unsplash.com/photo-1608256246200-53e635b5b65f?w=600	Suede Desert Boots	\N	\N	\N
t	f	\N	175.00	4.8	78	20	2026-03-29 08:27:04.373492	61	ModernFit	Footwear	Clean white leather sneakers with minimal branding. Margom rubber sole, hand-finished in Italy. Premium full-grain leather.	https://images.unsplash.com/photo-1460353581641-37baddab0fa2?w=600	Minimalist White Sneakers	\N	\N	\N
t	t	249.00	189.00	4.7	74	18	2026-03-29 08:27:04.373492	62	Heritage	Bags	Full-grain leather weekender with YKK zippers. Interior laptop sleeve, shoe compartment, and brass hardware. Ages beautifully.	https://images.unsplash.com/photo-1553062407-98eeb64c6a62?w=600	Leather Weekender Bag	\N	\N	\N
t	f	128.00	98.00	4.6	88	35	2026-03-29 08:27:04.373492	63	Heritage	Bags	Waxed canvas backpack with leather trim. Padded 15-inch laptop compartment, water-resistant finish. 25L capacity with hidden pockets.	https://images.unsplash.com/photo-1581605405669-fcdf81165b31?w=600	Canvas Backpack	\N	\N	\N
t	f	\N	39.99	4.3	156	100	2026-03-29 08:27:04.373492	64	UrbanCarry	Bags	Compact crossbody sling bag with anti-theft zippers. Water-resistant nylon, padded tablet pocket, adjustable strap. 5L capacity.	https://images.unsplash.com/photo-1548036328-c9fa89d128fa?w=600	Crossbody Sling Bag	\N	\N	\N
t	f	\N	44.99	4.5	234	120	2026-03-29 08:27:04.373492	65	Heritage	Bags	Slim leather bifold wallet with RFID blocking. 8 card slots, 2 bill compartments, ID window. Comes in gift box packaging.	https://images.unsplash.com/photo-1627123424574-724758594e93?w=600	Leather Bifold Wallet	\N	\N	\N
t	f	109.99	79.99	4.4	98	45	2026-03-29 08:27:04.373492	66	UrbanCarry	Bags	Professional messenger bag with padded laptop compartment up to 15.6 inches. Organizer panel, trolley strap, adjustable shoulder pad.	https://images.unsplash.com/photo-1622560480605-d83c853bc5c3?w=600	Laptop Messenger Bag	\N	\N	\N
t	f	\N	28.99	4.3	67	80	2026-03-29 08:27:04.373492	67	Heritage	Bags	Water-resistant dopp kit with hanging hook. Multiple compartments, mesh pockets, quality YKK zippers. Folds flat for storage.	https://images.unsplash.com/photo-1556756544-ad72f50f7b72?w=600	Travel Toiletry Bag	\N	\N	\N
t	f	99.99	69.99	4.5	189	65	2026-03-29 08:27:04.373492	68	ShadeView	Bags	Polarized UV400 sunglasses with acetate frame. Anti-glare coating, spring hinges, scratch-resistant lenses. Includes hard case.	https://images.unsplash.com/photo-1572635196237-14b3f281503f?w=600	Sunglasses Polarized	\N	\N	\N
t	f	199.99	149.99	4.7	112	25	2026-03-29 08:27:04.373492	69	TimeKeeper	Bags	Swiss quartz movement watch with sapphire crystal glass. 40mm case, genuine leather strap, 5ATM water resistance. Slim profile.	https://images.unsplash.com/photo-1524592094714-0f0654e20314?w=600	Minimalist Watch	\N	\N	\N
t	f	\N	54.99	4.4	78	90	2026-03-29 08:27:04.373492	70	Heritage	Bags	Full-grain leather belt with brushed nickel buckle. 35mm width, feathered edges, available in black and brown. Handmade.	https://images.unsplash.com/photo-1624222247344-550fb60583dc?w=600	Leather Belt	\N	\N	\N
t	f	\N	42.00	4.3	45	70	2026-03-29 08:27:04.373492	71	EcoWear	Bags	Heavy-duty canvas tote bag with leather handles. Interior zip pocket, magnetic snap closure. 18x14x5 inches. Daily workhorse.	https://images.unsplash.com/photo-1544816155-12df9643f363?w=600	Tote Bag Canvas	\N	\N	\N
t	t	99.99	79.99	4.7	128	45	2026-03-29 08:27:04.373492	72	Lumière	Home	Sleek aluminum desk lamp with adjustable arm and warm LED light. Touch-sensitive dimmer with 5 brightness levels. USB-C charging port.	https://images.unsplash.com/photo-1507003211169-0a1dd7228f2d?w=600	Minimal Desk Lamp	\N	\N	\N
t	f	\N	89.00	4.6	41	55	2026-03-29 08:27:04.373492	73	LinenHouse	Home	Stonewashed French linen throw. Naturally temperature-regulating, hypoallergenic. 60x80 inches. Gets softer with each wash.	https://images.unsplash.com/photo-1555041469-a586c61ea9bc?w=600	Linen Throw Blanket	\N	\N	\N
t	f	\N	39.99	4.5	195	70	2026-03-29 08:27:04.373492	74	ZenAir	Home	Ultrasonic essential oil diffuser with wood grain finish. 7 LED colors, auto shut-off, whisper-quiet operation. 300ml tank.	https://images.unsplash.com/photo-1602928321679-560bb453f190?w=600	Aromatherapy Diffuser	\N	\N	\N
t	f	599.99	449.99	4.8	95	15	2026-03-29 08:27:04.373492	75	ErgoLift	Home	Height-adjustable standing desk with bamboo top. Dual motor, 4 memory presets, cable management tray. 60x30 inch surface.	https://images.unsplash.com/photo-1518455027359-f3f8164ba6bd?w=600	Bamboo Standing Desk	\N	\N	\N
t	f	\N	58.00	4.5	99	64	2026-03-29 08:27:04.37251	50	ModernFit	Clothing	Classic Oxford cloth button-down in brushed cotton. Soft collar, back pleat, locker loop. Business casual essential.	https://images.unsplash.com/photo-1602810318383-e386cc2a3ccf?w=600	Oxford Button-Down Shirt	\N	\N	\N
t	f	\N	34.99	4.6	267	130	2026-03-29 08:27:04.373492	76	ZenAir	Home	Hand-poured soy wax candles with cotton wicks. Scents: Lavender Fields, Cedarwood, and Vanilla Bean. 45-hour burn time each.	https://images.unsplash.com/photo-1602607711890-b05cf959e006?w=600	Scented Candle Set (3-Pack)	\N	\N	\N
t	f	\N	44.99	4.4	89	60	2026-03-29 08:27:04.373492	77	GreenHome	Home	Set of 3 minimalist ceramic planters with bamboo saucers. Drainage holes, matte finish. Sizes: 4, 6, and 8 inches.	https://images.unsplash.com/photo-1485955900006-10f4d324d411?w=600	Ceramic Planter Set	\N	\N	\N
t	f	\N	42.99	4.3	56	50	2026-03-29 08:27:04.373492	78	Lumière	Home	Silent sweep wall clock with wood frame and glass face. 12-inch diameter, quartz movement, no ticking noise. Battery operated.	https://images.unsplash.com/photo-1563861826100-9cb868fdbe1c?w=600	Wall Clock Minimalist	\N	\N	\N
t	f	69.99	49.99	4.5	178	75	2026-03-29 08:27:04.373492	79	LinenHouse	Home	Turkish cotton bath towels, set of 4. 600 GSM, highly absorbent, quick-dry. Oeko-Tex certified, available in 10 colors.	https://images.unsplash.com/photo-1631049307264-da0ec9d70304?w=600	Cotton Bath Towel Set	\N	\N	\N
t	f	\N	59.99	4.4	67	35	2026-03-29 08:27:04.373492	80	GreenHome	Home	Set of 3 floating shelves in walnut veneer. Invisible mounting hardware, holds up to 20 lbs each. Sizes: 24, 18, and 12 inches.	https://images.unsplash.com/photo-1594620302200-9a762244a156?w=600	Bookshelf Floating Set	\N	\N	\N
t	f	\N	32.99	4.3	145	100	2026-03-29 08:27:04.373492	81	LinenHouse	Home	Luxury velvet throw pillows with hidden zipper. Hypoallergenic polyester fill, machine washable covers. 18x18 inches.	https://images.unsplash.com/photo-1584100936595-c0654b55a2e2?w=600	Velvet Throw Pillows (2-Pack)	\N	\N	\N
t	f	\N	39.99	4.5	89	55	2026-03-29 08:27:04.373492	82	ErgoLift	Home	Handcrafted walnut desk organizer with phone stand, pen holder, card slot, and cable management. Felt-lined compartments.	https://images.unsplash.com/photo-1544457070-4cd773b4d71e?w=600	Desk Organizer Wood	\N	\N	\N
t	f	89.99	69.99	4.6	134	40	2026-03-29 08:27:04.373492	83	GreenHome	Home	Self-watering indoor herb garden with LED grow light. Includes basil, cilantro, and parsley seed pods. Automatic 16-hour light cycle.	https://images.unsplash.com/photo-1416879595882-3373a0480b5b?w=600	Indoor Herb Garden Kit	\N	\N	\N
t	f	109.99	79.99	4.7	212	30	2026-03-29 08:27:04.374498	84	LinenHouse	Home	Glass bead weighted blanket with cooling bamboo duvet cover. 60x80 inches, 7-layer design, OEKO-TEX certified.	https://images.unsplash.com/photo-1522771739844-6a9f6d5f14af?w=600	Weighted Blanket 15 lbs	\N	\N	\N
t	f	\N	29.99	4.4	345	150	2026-03-29 08:27:04.374498	85	ZenAir	Home	Pure therapeutic-grade essential oils: Lavender, Peppermint, Eucalyptus, Tea Tree, Orange, Lemon, Rosemary, Frankincense. 10ml each.	https://images.unsplash.com/photo-1608571423902-eed4a5ad8108?w=600	Essential Oil Set 8-Pack	\N	\N	\N
t	f	199.99	149.99	4.6	178	25	2026-03-29 08:27:04.374498	86	SmartLife	Home	WiFi smart thermostat with learning algorithms. Energy-saving scheduling, geofencing, Alexa/Google compatible. Color touchscreen.	https://images.unsplash.com/photo-1558002038-1055907df827?w=600	Smart Thermostat	\N	\N	\N
t	t	\N	54.99	4.9	203	65	2026-03-29 08:27:04.374498	87	BrewCraft	Kitchen	Handcrafted ceramic dripper with double-wall glass carafe. Includes 100 unbleached paper filters and a walnut wood stand.	https://images.unsplash.com/photo-1495474472287-4d71bcdd2085?w=600	Ceramic Pour-Over Coffee Set	\N	\N	\N
t	f	\N	134.99	4.9	156	22	2026-03-29 08:27:04.374498	88	Kai Seki	Kitchen	Hand-forged VG-10 steel blade with Damascus pattern. Pakka wood handle, 67 layers. Comes with magnetic sheath and care guide.	https://images.unsplash.com/photo-1593618998160-e34014e67546?w=600	Japanese Chef Knife 8 inch	\N	\N	\N
t	f	\N	44.99	4.8	312	50	2026-03-29 08:27:04.374498	89	IronForge	Kitchen	Pre-seasoned cast iron skillet with helper handle. Works on all cooktops including induction. Oven safe to 500°F. Lifetime warranty.	https://images.unsplash.com/photo-1585515320310-259814833e62?w=600	Cast Iron Skillet 12 inch	\N	\N	\N
t	f	99.99	79.99	4.7	178	40	2026-03-29 08:27:04.374498	90	BrewCraft	Kitchen	Temperature-controlled gooseneck kettle for pour-over coffee. 6 presets, hold mode, built-in timer. Stainless steel, 1L capacity.	https://images.unsplash.com/photo-1556909114-f6e7ad7d3136?w=600	Electric Kettle Gooseneck	\N	\N	\N
t	f	\N	29.99	4.4	134	85	2026-03-29 08:27:04.374498	91	GreenHome	Kitchen	Set of 3 bamboo cutting boards with juice grooves. Anti-microbial, knife-friendly surface. Sizes: large, medium, and small.	https://images.unsplash.com/photo-1606914501449-5a96b6ce24ca?w=600	Bamboo Cutting Board Set	\N	\N	\N
t	f	\N	34.99	4.5	267	70	2026-03-29 08:27:04.374498	92	BrewCraft	Kitchen	Double-wall insulated French press with 4-level filtration. Borosilicate glass carafe, stainless steel frame, 34oz capacity.	https://images.unsplash.com/photo-1572119865084-43c285814d63?w=600	French Press Coffee Maker	\N	\N	\N
t	f	\N	39.99	4.5	89	60	2026-03-29 08:27:04.374498	93	IronForge	Kitchen	Set of 5 nesting mixing bowls with airtight lids. Non-slip silicone base, measurement markings. Dishwasher safe.	https://images.unsplash.com/photo-1590794056226-79ef3a8147e1?w=600	Stainless Steel Mixing Bowls	\N	\N	\N
t	f	\N	32.99	4.4	178	95	2026-03-29 08:27:04.374498	94	GreenHome	Kitchen	Heat-resistant silicone cooking utensils with acacia wood handles. Non-scratch, BPA-free, dishwasher safe. Includes storage holder.	https://images.unsplash.com/photo-1556909212-d5b604d0c90d?w=600	Silicone Utensil Set 12-Piece	\N	\N	\N
t	f	\N	29.99	4.6	456	180	2026-03-29 08:27:04.374498	95	HydroFlow	Kitchen	Triple-insulated stainless steel water bottle. Keeps cold 24h, hot 12h. Wide mouth, leak-proof lid, powder-coated finish.	https://images.unsplash.com/photo-1602143407151-7111542de6e8?w=600	Insulated Water Bottle 32oz	\N	\N	\N
t	f	279.99	199.99	4.7	134	20	2026-03-29 08:27:04.374498	96	BrewCraft	Kitchen	15-bar compact espresso machine with milk frother. Thermoblock heating in 30 seconds, removable water tank. Makes single or double shots.	https://images.unsplash.com/photo-1510707577719-ae7c14805e3a?w=600	Espresso Machine Compact	\N	\N	\N
t	f	\N	42.99	4.2	143	90	2026-03-29 08:27:04.374498	97	GreenFuel	Health	Organic pea and rice protein blend, 25g per serving. No artificial sweeteners. Chocolate flavor. 30 servings per container.	https://images.unsplash.com/photo-1593095948071-474c5cc2c4d8?w=600	Plant-Based Protein Powder	\N	\N	\N
t	f	\N	49.99	4.6	234	75	2026-03-29 08:27:04.374498	98	ZenFit	Health	Non-slip yoga mat with alignment lines. Eco-friendly TPE material, 72x26 inches. Includes carrying strap. Available in 5 colors.	https://images.unsplash.com/photo-1601925260368-ae2f83cf8b7f?w=600	Yoga Mat Premium 6mm	\N	\N	\N
t	f	\N	24.99	4.4	312	150	2026-03-29 08:27:04.374498	99	ZenFit	Health	Set of 5 fabric resistance bands with varying levels. Non-roll design, includes mesh carry bag and exercise guide. Latex-free.	https://images.unsplash.com/photo-1598289431512-b97b0917affc?w=600	Resistance Bands Set	\N	\N	\N
t	f	\N	22.99	4.3	178	100	2026-03-29 08:27:04.374498	100	ZenFit	Health	High-density EVA foam roller for deep tissue massage. 18-inch length, textured surface for trigger point therapy. Lightweight.	https://images.unsplash.com/photo-1571019613454-1cb2f99b2d8b?w=600	Foam Roller High-Density	\N	\N	\N
t	f	\N	14.99	4.2	267	200	2026-03-29 08:27:04.374498	101	StrideMax	Health	Adjustable speed jump rope with ball bearings. Tangle-free steel cable with PVC coating, memory foam handles. 10 feet adjustable.	https://images.unsplash.com/photo-1434682881908-b43d0467b798?w=600	Jump Rope Speed	\N	\N	\N
t	f	349.99	249.99	4.7	89	20	2026-03-29 08:27:04.374498	102	IronForge	Health	Adjustable dumbbells from 5-25 lbs per hand. Quick-change weight system, compact design replaces 10 dumbbells. Rubberized grip.	https://images.unsplash.com/photo-1534438327276-14e5300c3a48?w=600	Adjustable Dumbbell Set	\N	\N	\N
t	f	149.99	99.99	4.5	178	35	2026-03-29 08:27:04.374498	103	ZenFit	Health	Deep tissue percussion massage gun with 6 heads and 30 speed levels. Quiet brushless motor, 6-hour battery, travel case included.	https://images.unsplash.com/photo-1544367567-0f2fcb009e0b?w=600	Massage Gun Percussion	\N	\N	\N
t	f	\N	44.99	4.4	123	65	2026-03-29 08:27:04.374498	104	UrbanCarry	Health	Water-resistant gym duffle with separate shoe compartment, wet pocket, and multiple organizer pockets. 40L capacity, padded strap.	https://images.unsplash.com/photo-1553062407-98eeb64c6a62?w=600	Gym Bag Duffle	\N	\N	\N
t	f	\N	28.99	4.3	345	180	2026-03-29 08:27:04.374498	105	GreenFuel	Health	Whole-food based daily multivitamin with probiotics. 60 tablets, non-GMO, gluten-free. Contains vitamins A, C, D, E, K, B-complex.	https://images.unsplash.com/photo-1584308666544-ad72f50f7b72?w=600	Multivitamin Daily	\N	\N	\N
t	f	59.99	39.99	4.4	189	50	2026-03-29 08:27:04.374498	106	FitPro	Health	WiFi body composition scale measuring weight, BMI, body fat, muscle mass, and more. Syncs with Apple Health and Google Fit.	https://images.unsplash.com/photo-1576678927484-cc907957088c?w=600	Smart Body Scale	\N	\N	\N
t	f	\N	32.99	4.7	167	80	2026-03-29 08:27:04.374498	107	PaperCraft	Books	Genuine leather journal with 240 pages of acid-free paper. Lay-flat binding, ribbon bookmark, back pocket. 5.5x8.5 inches.	https://images.unsplash.com/photo-1544716278-ca5e3f4abd8c?w=600	Leather Bound Journal	\N	\N	\N
t	f	\N	18.99	4.4	89	120	2026-03-29 08:27:04.374498	109	PaperCraft	Books	160-page hardcover sketchbook with 120gsm acid-free paper. Lay-flat binding, elastic closure, inner pocket. For all dry media.	https://images.unsplash.com/photo-1531346878377-a5be20888e57?w=600	Sketchbook A4 Hardcover	\N	\N	\N
t	f	\N	14.99	4.2	56	200	2026-03-29 08:27:04.374498	110	PaperCraft	Books	Set of 3 notepads: lined, dotted, and blank. 50 sheets each, tear-off pages, chipboard backing. 5.5x8.5 inches.	https://images.unsplash.com/photo-1517842645767-c639042777db?w=600	Desk Notepad Set	\N	\N	\N
t	f	\N	34.99	4.5	134	60	2026-03-29 08:27:04.374498	111	ArtLine	Books	Professional grade colored pencils with soft core for smooth layering. Break-resistant leads, pre-sharpened, in tin storage case.	https://images.unsplash.com/photo-1513542789411-b6a5d4f31634?w=600	Colored Pencils 72-Set	\N	\N	\N
t	f	\N	34.99	4.5	234	55	2026-03-29 08:27:04.374498	112	TrailGuard	Outdoor	Double camping hammock with tree straps. Parachute nylon, holds 500 lbs. Compact stuff sack included. 10x6.5 feet.	https://images.unsplash.com/photo-1504280390367-361c6d9f38f4?w=600	Camping Hammock	\N	\N	\N
t	f	\N	49.99	4.4	89	40	2026-03-29 08:27:04.375499	113	TrailGuard	Outdoor	Leak-proof insulated cooler bag keeping items cold for 48 hours. 24-can capacity, shoulder strap, front pocket for utensils.	https://images.unsplash.com/photo-1571068316344-75bc76f77890?w=600	Insulated Cooler Bag	\N	\N	\N
t	f	\N	29.99	4.5	156	80	2026-03-29 08:27:04.375499	114	TrailGuard	Outdoor	1000 lumens rechargeable headlamp with red light mode. IPX6 waterproof, motion sensor, adjustable beam. USB-C charging.	https://images.unsplash.com/photo-1590658268037-6bf12f032f55?w=600	Headlamp Rechargeable	\N	\N	\N
t	f	\N	27.99	4.3	267	100	2026-03-29 08:27:04.375499	115	UrbanCarry	Outdoor	Set of 6 compression packing cubes in various sizes. Water-resistant fabric, double zipper compression, mesh top for visibility.	https://images.unsplash.com/photo-1553413077-190dd305871c?w=600	Travel Compression Cubes 6-Pack	\N	\N	\N
t	f	54.99	39.99	4.4	145	45	2026-03-29 08:27:04.375499	116	TrailGuard	Outdoor	Ultralight folding camp chair at 2 lbs. 300 lb capacity, breathable mesh back, cup holder. Packs into attached carry bag.	https://images.unsplash.com/photo-1532509774891-141d37f25ae9?w=600	Portable Camping Chair	\N	\N	\N
t	f	99.99	69.99	4.6	167	45	2026-03-29 08:27:04.371481	35	StreamPro	Electronics	Cardioid condenser microphone with built-in pop filter, gain knob, mute button, and zero-latency monitoring. Plug and play USB-C.	https://images.unsplash.com/photo-1590602847861-f357a9332bbc?w=600	Streaming Microphone USB	\N	\N	\N
t	f	\N	44.99	4.3	56	39	2026-03-29 08:27:04.371481	31	KeyCraft	Electronics	Wireless mechanical numpad with hot-swappable switches. Aluminum frame, RGB backlighting, compatible with Mac and Windows.	https://images.unsplash.com/photo-1587829741301-dc798b83add3?w=600	Mechanical Numpad	\N	\N	\N
t	f	\N	38.99	4.2	76	109	2026-03-29 08:27:04.37251	51	StrideMax	Clothing	Quick-dry swim trunks with mesh liner and elastic waist. Side pockets with drainage grommets. UPF 50+ fabric, 7-inch inseam.	https://images.unsplash.com/photo-1565299624946-b28f40a0ae38?w=600	Swim Trunks Quick-Dry	\N	\N	\N
t	f	\N	29.99	4.2	187	148	2026-03-29 08:27:04.371481	25	ChargePro	Electronics	15W fast wireless charger compatible with all Qi devices. Tempered glass surface, LED indicator, foreign object detection.	https://images.unsplash.com/photo-1591815302525-756a9bcc3425?w=600	Wireless Charging Pad	\N	\N	\N
t	t	399.99	279.99	4.8	1247	28	2026-03-31 12:32:25.885265	117	Sony	Electronics	Industry-leading noise cancellation with 30-hour battery life, crystal-clear calls, and multipoint connection.	https://images.unsplash.com/photo-1505740420928-5e560c06d30e?w=600	Sony WH-1000XM5 Wireless Headphones	2026-03-31 12:32:25.885265	2026-04-03 12:32:25.885265	2026-03-31 12:32:25.885265
t	t	399.99	279.99	4.8	1247	28	2026-03-31 12:38:05.430986	118	Sony	Electronics	Industry-leading noise cancellation with 30-hour battery life.	https://images.unsplash.com/photo-1505740420928-5e560c06d30e?w=600	Sony WH-1000XM5 Wireless Headphones	2026-03-31 12:38:05.430986	2026-04-03 12:38:05.430986	2026-03-31 12:38:05.430986
t	t	399.99	279.99	4.8	1247	28	2026-03-31 12:38:48.179035	119	Sony	Electronics	Industry-leading noise cancellation with 30-hour battery life.	https://images.unsplash.com/photo-1618366712010-f4ae9c647dcb?w=600	Sony WH-1000XM5 Wireless Headphones	2026-03-31 12:38:48.179035	2026-04-03 12:38:48.179035	2026-03-31 12:38:48.179035
t	t	399.99	279.99	4.8	1247	28	2026-03-31 13:16:35.432824	120	Sony	Electronics	Industry-leading noise cancellation with 30-hour battery life.	https://images.unsplash.com/photo-1618366712010-f4ae9c647dcb?w=600	Sony WH-1000XM5 Wireless Headphones	2026-03-31 13:16:35.432824	2026-04-03 13:16:35.432824	2026-03-31 13:16:35.432824
t	f	\N	44.99	4.6	78	44	2026-03-29 08:27:04.374498	108	PaperCraft	Books	Brass fountain pen with Schmidt converter and 3 ink cartridges. Fine nib, weighted barrel, includes velvet pouch. Gift ready.	https://images.unsplash.com/photo-1585336261022-680e295ce3fe?w=600	Fountain Pen Set	\N	\N	\N
\.


--
-- Data for Name: push_subscriptions; Type: TABLE DATA; Schema: public; Owner: postgres
--

COPY public.push_subscriptions (id, active, auth_key, created_at, endpoint, ip_address, last_used_at, p256dh_key, user_agent, user_id) FROM stdin;
\.


--
-- Data for Name: reviews; Type: TABLE DATA; Schema: public; Owner: postgres
--

COPY public.reviews (rating, created_at, id, product_id, user_id, comment, user_name) FROM stdin;
4	2026-03-31 10:23:56.595109	3	19	5	good	Franklin Surya S
\.


--
-- Data for Name: tracking_events; Type: TABLE DATA; Schema: public; Owner: postgres
--

COPY public.tracking_events (id, order_id, "timestamp", description, location, status) FROM stdin;
21	16	2026-03-31 08:53:13.991686	Your order has been placed and confirmed.	Processing Center	CONFIRMED
22	17	2026-03-31 08:59:56.996717	Your order has been placed and confirmed.	Processing Center	CONFIRMED
23	16	2026-03-31 09:00:03.380346	Your order has been shipped!	Distribution Center	SHIPPED
24	18	2026-03-31 09:00:23.172047	Your order has been placed and confirmed.	Processing Center	CONFIRMED
25	19	2026-03-31 09:00:41.706654	Your order has been placed and confirmed.	Processing Center	CONFIRMED
26	20	2026-03-31 09:00:55.755297	Your order has been placed and confirmed.	Processing Center	CONFIRMED
28	17	2026-03-31 09:01:17.133327	Your order has been delivered!	Distribution Center	DELIVERED
29	20	2026-03-31 09:01:24.048255	Your order has been shipped!	Distribution Center	SHIPPED
30	19	2026-03-31 09:01:33.353731	Your order has been shipped!	Distribution Center	SHIPPED
31	18	2026-03-31 09:01:36.261067	Your order has been shipped!	Distribution Center	SHIPPED
32	16	2026-03-31 09:01:47.287025	Your order has been delivered!	Distribution Center	DELIVERED
33	20	2026-03-31 09:01:57.6952	Your order is out for delivery.	Distribution Center	OUT_FOR_DELIVERY
34	21	2026-03-31 09:02:30.545333	Your order has been placed and confirmed.	Processing Center	CONFIRMED
35	22	2026-03-31 09:02:47.90307	Your order has been placed and confirmed.	Processing Center	CONFIRMED
36	23	2026-03-31 10:07:03.849975	Your order has been placed and confirmed.	Processing Center	CONFIRMED
37	24	2026-03-31 11:44:24.921953	Your order has been placed and confirmed.	Processing Center	CONFIRMED
38	25	2026-03-31 11:44:52.847161	Your order has been placed and confirmed.	Processing Center	CONFIRMED
39	26	2026-03-31 17:42:33.288646	Your order has been placed and confirmed.	Processing Center	CONFIRMED
40	27	2026-03-31 17:43:43.412446	Your order has been placed and confirmed.	Processing Center	CONFIRMED
41	28	2026-03-31 19:47:17.612478	Your order has been placed and confirmed.	Processing Center	CONFIRMED
\.


--
-- Data for Name: users; Type: TABLE DATA; Schema: public; Owner: postgres
--

COPY public.users (email_notifications, push_notifications, created_at, id, updated_at, avatar_url, email, full_name, language, password, phone, role, theme) FROM stdin;
t	t	2026-03-28 16:12:49.750634	1	\N	\N	admin@aishop.com	Admin User	en	$2a$10$YiS8N6IRd46L2AJ8urP3BOB37Jw5nATCzUHqOJZ8jA6qhCicFFcJ.	\N	ADMIN	system
t	t	2026-03-28 16:12:50.398703	2	\N	\N	demo@aishop.com	Demo Customer	en	$2a$10$j70OTTUtiX6duKxgvqpufu8ptPMrVX2asXlkURYyHW3GtmJ.amlgS	\N	CUSTOMER	system
t	t	2026-03-31 08:24:30.69542	4	\N	\N	franklinsuryasoosai@gmail.com	Franklin Surya S	en	$2a$10$4JdPLJFk1yHIkW.fyxulb.Uat4FgxZmGxEZ28dbzGUb29qup69IT2	\N	CUSTOMER	system
t	t	2026-03-31 08:52:28.5911	5	2026-04-01 11:28:01.495091	\N	franklinsurya4@gmail.com	Franklin Surya S	en	$2a$10$RgxRNHOtRK2fym6eXlz/8O26m0TAVtEOp0Sld3hGdLTb00j9Ktqpq	+919566688134	CUSTOMER	light
\.


--
-- Name: addresses_id_seq; Type: SEQUENCE SET; Schema: public; Owner: postgres
--

SELECT pg_catalog.setval('public.addresses_id_seq', 2, true);


--
-- Name: cart_items_id_seq; Type: SEQUENCE SET; Schema: public; Owner: postgres
--

SELECT pg_catalog.setval('public.cart_items_id_seq', 39, true);


--
-- Name: newsletter_subscribers_id_seq; Type: SEQUENCE SET; Schema: public; Owner: postgres
--

SELECT pg_catalog.setval('public.newsletter_subscribers_id_seq', 1, true);


--
-- Name: order_items_id_seq; Type: SEQUENCE SET; Schema: public; Owner: postgres
--

SELECT pg_catalog.setval('public.order_items_id_seq', 37, true);


--
-- Name: orders_id_seq; Type: SEQUENCE SET; Schema: public; Owner: postgres
--

SELECT pg_catalog.setval('public.orders_id_seq', 28, true);


--
-- Name: products_id_seq; Type: SEQUENCE SET; Schema: public; Owner: postgres
--

SELECT pg_catalog.setval('public.products_id_seq', 120, true);


--
-- Name: push_subscriptions_id_seq; Type: SEQUENCE SET; Schema: public; Owner: postgres
--

SELECT pg_catalog.setval('public.push_subscriptions_id_seq', 1, false);


--
-- Name: reviews_id_seq; Type: SEQUENCE SET; Schema: public; Owner: postgres
--

SELECT pg_catalog.setval('public.reviews_id_seq', 3, true);


--
-- Name: tracking_events_id_seq; Type: SEQUENCE SET; Schema: public; Owner: postgres
--

SELECT pg_catalog.setval('public.tracking_events_id_seq', 41, true);


--
-- Name: users_id_seq; Type: SEQUENCE SET; Schema: public; Owner: postgres
--

SELECT pg_catalog.setval('public.users_id_seq', 5, true);


--
-- Name: addresses addresses_pkey; Type: CONSTRAINT; Schema: public; Owner: postgres
--

ALTER TABLE ONLY public.addresses
    ADD CONSTRAINT addresses_pkey PRIMARY KEY (id);


--
-- Name: cart_items cart_items_pkey; Type: CONSTRAINT; Schema: public; Owner: postgres
--

ALTER TABLE ONLY public.cart_items
    ADD CONSTRAINT cart_items_pkey PRIMARY KEY (id);


--
-- Name: newsletter_subscribers newsletter_subscribers_pkey; Type: CONSTRAINT; Schema: public; Owner: postgres
--

ALTER TABLE ONLY public.newsletter_subscribers
    ADD CONSTRAINT newsletter_subscribers_pkey PRIMARY KEY (id);


--
-- Name: order_items order_items_pkey; Type: CONSTRAINT; Schema: public; Owner: postgres
--

ALTER TABLE ONLY public.order_items
    ADD CONSTRAINT order_items_pkey PRIMARY KEY (id);


--
-- Name: orders orders_order_number_key; Type: CONSTRAINT; Schema: public; Owner: postgres
--

ALTER TABLE ONLY public.orders
    ADD CONSTRAINT orders_order_number_key UNIQUE (order_number);


--
-- Name: orders orders_pkey; Type: CONSTRAINT; Schema: public; Owner: postgres
--

ALTER TABLE ONLY public.orders
    ADD CONSTRAINT orders_pkey PRIMARY KEY (id);


--
-- Name: products products_pkey; Type: CONSTRAINT; Schema: public; Owner: postgres
--

ALTER TABLE ONLY public.products
    ADD CONSTRAINT products_pkey PRIMARY KEY (id);


--
-- Name: push_subscriptions push_subscriptions_pkey; Type: CONSTRAINT; Schema: public; Owner: postgres
--

ALTER TABLE ONLY public.push_subscriptions
    ADD CONSTRAINT push_subscriptions_pkey PRIMARY KEY (id);


--
-- Name: reviews reviews_pkey; Type: CONSTRAINT; Schema: public; Owner: postgres
--

ALTER TABLE ONLY public.reviews
    ADD CONSTRAINT reviews_pkey PRIMARY KEY (id);


--
-- Name: tracking_events tracking_events_pkey; Type: CONSTRAINT; Schema: public; Owner: postgres
--

ALTER TABLE ONLY public.tracking_events
    ADD CONSTRAINT tracking_events_pkey PRIMARY KEY (id);


--
-- Name: newsletter_subscribers ukqqdefkuupml4s7190ettcy6jy; Type: CONSTRAINT; Schema: public; Owner: postgres
--

ALTER TABLE ONLY public.newsletter_subscribers
    ADD CONSTRAINT ukqqdefkuupml4s7190ettcy6jy UNIQUE (email);


--
-- Name: users users_email_key; Type: CONSTRAINT; Schema: public; Owner: postgres
--

ALTER TABLE ONLY public.users
    ADD CONSTRAINT users_email_key UNIQUE (email);


--
-- Name: users users_pkey; Type: CONSTRAINT; Schema: public; Owner: postgres
--

ALTER TABLE ONLY public.users
    ADD CONSTRAINT users_pkey PRIMARY KEY (id);


--
-- Name: addresses fk1fa36y2oqhao3wgg2rw1pi459; Type: FK CONSTRAINT; Schema: public; Owner: postgres
--

ALTER TABLE ONLY public.addresses
    ADD CONSTRAINT fk1fa36y2oqhao3wgg2rw1pi459 FOREIGN KEY (user_id) REFERENCES public.users(id);


--
-- Name: cart_items fk1re40cjegsfvw58xrkdp6bac6; Type: FK CONSTRAINT; Schema: public; Owner: postgres
--

ALTER TABLE ONLY public.cart_items
    ADD CONSTRAINT fk1re40cjegsfvw58xrkdp6bac6 FOREIGN KEY (product_id) REFERENCES public.products(id);


--
-- Name: push_subscriptions fk1v577hpc7v9mdrm2uyk6kqgnl; Type: FK CONSTRAINT; Schema: public; Owner: postgres
--

ALTER TABLE ONLY public.push_subscriptions
    ADD CONSTRAINT fk1v577hpc7v9mdrm2uyk6kqgnl FOREIGN KEY (user_id) REFERENCES public.users(id);


--
-- Name: orders fk32ql8ubntj5uh44ph9659tiih; Type: FK CONSTRAINT; Schema: public; Owner: postgres
--

ALTER TABLE ONLY public.orders
    ADD CONSTRAINT fk32ql8ubntj5uh44ph9659tiih FOREIGN KEY (user_id) REFERENCES public.users(id);


--
-- Name: product_tags fk5rk6s19k3risy7q7wqdr41uss; Type: FK CONSTRAINT; Schema: public; Owner: postgres
--

ALTER TABLE ONLY public.product_tags
    ADD CONSTRAINT fk5rk6s19k3risy7q7wqdr41uss FOREIGN KEY (product_id) REFERENCES public.products(id);


--
-- Name: cart_items fk709eickf3kc0dujx3ub9i7btf; Type: FK CONSTRAINT; Schema: public; Owner: postgres
--

ALTER TABLE ONLY public.cart_items
    ADD CONSTRAINT fk709eickf3kc0dujx3ub9i7btf FOREIGN KEY (user_id) REFERENCES public.users(id);


--
-- Name: tracking_events fka20o71o28lq5fgmefg55h1m9y; Type: FK CONSTRAINT; Schema: public; Owner: postgres
--

ALTER TABLE ONLY public.tracking_events
    ADD CONSTRAINT fka20o71o28lq5fgmefg55h1m9y FOREIGN KEY (order_id) REFERENCES public.orders(id);


--
-- Name: order_items fkbioxgbv59vetrxe0ejfubep1w; Type: FK CONSTRAINT; Schema: public; Owner: postgres
--

ALTER TABLE ONLY public.order_items
    ADD CONSTRAINT fkbioxgbv59vetrxe0ejfubep1w FOREIGN KEY (order_id) REFERENCES public.orders(id);


--
-- Name: reviews fkcgy7qjc1r99dp117y9en6lxye; Type: FK CONSTRAINT; Schema: public; Owner: postgres
--

ALTER TABLE ONLY public.reviews
    ADD CONSTRAINT fkcgy7qjc1r99dp117y9en6lxye FOREIGN KEY (user_id) REFERENCES public.users(id);


--
-- Name: order_items fkocimc7dtr037rh4ls4l95nlfi; Type: FK CONSTRAINT; Schema: public; Owner: postgres
--

ALTER TABLE ONLY public.order_items
    ADD CONSTRAINT fkocimc7dtr037rh4ls4l95nlfi FOREIGN KEY (product_id) REFERENCES public.products(id);


--
-- Name: reviews fkpl51cejpw4gy5swfar8br9ngi; Type: FK CONSTRAINT; Schema: public; Owner: postgres
--

ALTER TABLE ONLY public.reviews
    ADD CONSTRAINT fkpl51cejpw4gy5swfar8br9ngi FOREIGN KEY (product_id) REFERENCES public.products(id);


--
-- Name: product_images fkqnq71xsohugpqwf3c9gxmsuy; Type: FK CONSTRAINT; Schema: public; Owner: postgres
--

ALTER TABLE ONLY public.product_images
    ADD CONSTRAINT fkqnq71xsohugpqwf3c9gxmsuy FOREIGN KEY (product_id) REFERENCES public.products(id);


--
-- PostgreSQL database dump complete
--

\unrestrict UEPhkhyP2WsoeLmFFJpDm9EP47vZ8f9dSQMVcr3KJxIf2QkpzOAlWLKrjYafJyE

